hs2	119366921	119372560	hs2	208236227	208266074
hs19	48795062	48811029	hs19	41397460	41431345
hs16	75111860	75116771	hs16	21952660	21983660
hs17	37084988	37406818	hs17	81900965	81911464
hs17	37084988	37406818	hs17	41866908	41930542
hs17	37084988	37406818	hs17	32142454	32253374
hs17	37084988	37406818	hs17	82078333	82098332
hs15	67201033	67255195	hs15	65530418	65578352
hs2	218264123	218270257	hs2	219279267	219286900
hs2	218264123	218270257	hs2	27381194	27409687
hs9	136862119	136866286	hs9	129608884	129636131
hs11	65961689	65979828	hs11	57299638	57324952
hs11	65961689	65979828	hs11	62676498	62679117
hs13	51354077	51454264	hs13	28138506	28295335
hs13	51354077	51454264	hs13	19823482	19863636
hs9	98807699	98850081	hs9	36036433	36124451
hs3	98521132	98593723	hs3	179347692	179394931
hs9	111631386	111670229	hs9	76385517	76394517
hs9	111631386	111670229	hs9	111661335	111670246
hs8	20246165	20303963	hs8	119165034	119245673
hs1	18871430	18902781	hs1	148808181	149048286
hs3	179604690	179627647	hs3	177019355	177197396
hs3	179604690	179627647	hs3	98732236	98821201
hs1	53196429	53214197	hs1	220094102	220148041
hs1	53196429	53214197	hs1	54184041	54225464
hs14	69191511	69244020	hs14	96501433	96567111
hs1	111448864	111462773	hs1	17018722	17054170
hs1	111448864	111462773	hs1	53196429	53214197
hs1	111448864	111462773	hs1	54184041	54225464
hs1	59814786	59876378	hs1	153606886	153613145
hs1	59814786	59876378	hs1	26949562	26960406
hs1	59814786	59876378	hs1	161070995	161089599
hs1	59814786	59876378	hs1	201373244	201399915
hs1	59814786	59876378	hs1	156061160	156070514
hs12	57768471	57772793	hs12	130871879	130877678
hs10	102132994	102150331	hs10	97356358	97426076
hs2	68157844	68176238	hs2	28894643	28948222
hs10	68956128	68985073	hs10	102152176	102163871
hs10	68956128	68985073	hs10	102132994	102150331
hs3	39141855	39154562	hs3	185915906	185938136
hs3	39141855	39154562	hs3	52048919	52056550
hs3	39141855	39154562	hs3	156673235	156706770
hs1	54756898	54764514	hs1	45339670	45343975
hs1	54756898	54764514	hs1	55066359	55215113
hs1	54756898	54764514	hs1	27959462	27968096
hs1	54756898	54764514	hs1	44800225	44805990
hs18	32091855	32131561	hs18	9334767	9402420
hs1	44800225	44805990	hs1	9539482	9585179
hs1	44800225	44805990	hs1	45339670	45343975
hs1	44800225	44805990	hs1	204403387	204411791
hs17	29560547	29567137	hs17	50094737	50112152
hs17	29560547	29567137	hs17	75038863	75046985
hs17	50094737	50112152	hs17	7281667	7288257
hs2	241558721	241574138	hs2	215996329	216082955
hs2	42048020	42058528	hs2	63840940	63891562
hs2	42048020	42058528	hs2	201387858	201480846
hs1	226897536	226987545	hs1	59814786	59876378
hs1	226897536	226987545	hs1	46632737	46673867
hs1	226897536	226987545	hs1	173477266	173488807
hs1	226897536	226987545	hs1	220786759	220819657
hs1	226897536	226987545	hs1	212285537	212361863
hs1	226897536	226987545	hs1	161070995	161089599
hs3	9757342	9769992	hs3	81489699	81762161
hs4	1009936	1026897	hs4	107989714	108035175
hs14	64388031	64463457	hs14	67647075	67674831
hs11	14643723	14872044	hs11	111602391	111730853
hs9	32384603	32454769	hs9	112379937	112472410
hs9	32384603	32454769	hs9	136673143	136687423
hs19	1876810	1885547	hs19	1905378	1913447
hs19	1876810	1885547	hs19	2328615	2354806
hs19	1876810	1885547	hs19	1941149	1981338
hs19	1876810	1885547	hs19	10832438	10836318
hs19	1876810	1885547	hs19	48469032	48482314
hs19	1876810	1885547	hs19	18418864	18434562
hs19	1876810	1885547	hs19	507497	519654
hs20	63520724	63522206	hs20	35953617	35959472
hs20	63520724	63522206	hs20	50081124	50115959
hs19	48469032	48482314	hs19	13144058	13150383
hs19	48469032	48482314	hs19	42068477	42081565
hs11	65890112	65891635	hs11	6318946	6320647
hs11	63974607	63976543	hs11	65961689	65979828
hs19	10572671	10587315	hs19	8413270	8439017
hs19	10572671	10587315	hs19	44777869	44800634
hs19	10572671	10587315	hs19	35115879	35124324
hs19	10572671	10587315	hs19	3708109	3750813
hs19	10572671	10587315	hs19	7595902	7618304
hs17	49210227	49223225	hs17	4710489	4721499
hs9	130713946	130887675	hs9	128203352	128255248
hs9	128203352	128255248	hs9	98807699	98850081
hs5	160347751	160370641	hs5	83471465	83582303
hs5	160347751	160370641	hs5	180300690	180353387
hs5	160347751	160370641	hs5	177456608	177474401
hs10	114431113	114685003	hs10	114120862	114174220
hs3	38103129	38137242	hs3	38007496	38029762
hs20	56392371	56406369	hs20	63195429	63216234
hs4	158672125	158709623	hs4	151409216	151663632
hs4	158672125	158709623	hs4	151670504	151761023
hs3	183015218	183116075	hs3	136250306	136337896
hs12	109116595	109268226	hs12	55720367	55724705
hs12	109116595	109268226	hs12	111766887	111817529
hs9	136673143	136687423	hs9	112379937	112472410
hs15	82836946	82986153	hs15	42412823	42491123
hs5	43289395	43313512	hs5	6599239	6633291
hs5	72955981	73090522	hs5	132996985	133026604
hs1	159203307	159206500	hs1	169588849	169630193
hs3	42804752	42887974	hs3	42856005	42876165
hs5	177456608	177474401	hs5	180300690	180353387
hs12	14825569	14843495	hs12	56994446	56998441
hs3	42856005	42876165	hs3	44975241	45036066
hs11	125955796	126063335	hs11	7485388	7511377
hs11	125955796	126063335	hs11	120210767	120230332
hs1	150549369	150560937	hs1	53062052	53085502
hs1	150549369	150560937	hs1	207880972	207911402
hs12	7080209	7092607	hs12	6988259	7071032
hs1	155195588	155209051	hs1	162561506	162599842
hs20	49503874	49568146	hs20	44714844	44728509
hs19	48321509	48330553	hs19	40592883	40629818
hs19	48321509	48330553	hs19	55488404	55519098
hs12	130953907	131141469	hs12	53097436	53102345
hs3	45001548	45036071	hs3	13549131	13638422
hs15	77041404	77083984	hs15	41557675	41583586
hs1	46632737	46673867	hs1	244652935	244709033
hs1	46632737	46673867	hs1	233904933	234324516
hs1	46632737	46673867	hs1	236795281	236903981
hs1	46632737	46673867	hs1	17018722	17054170
hs1	46632737	46673867	hs1	100186919	100249834
hs1	46632737	46673867	hs1	36455718	36464437
hs1	46632737	46673867	hs1	27934993	27959157
hs19	41397460	41431345	hs19	10333776	10339823
hs19	41397460	41431345	hs19	12891026	12914207
hs1	17018722	17054170	hs1	46303631	46316776
hs9	136940435	136944696	hs9	135499984	135504673
hs8	144095027	144097525	hs8	144314584	144326910
hs12	56638175	56646068	hs12	98593591	98606379
hs12	56638175	56646068	hs12	56271699	56300392
hs1	100186919	100249834	hs1	17018722	17054170
hs1	100186919	100249834	hs1	23801885	23838620
hs19	34359480	34402156	hs19	48332356	48364237
hs19	48968125	48993310	hs19	29205321	29213541
hs14	73537114	73543794	hs14	67647075	67674831
hs14	73537114	73543794	hs14	73567620	73575658
hs14	73567620	73575658	hs14	67647075	67674831
hs14	73567620	73575658	hs14	105248490	105251093
hs14	105248490	105251093	hs14	51826195	51979342
hs14	105248490	105251093	hs14	105300563	105398147
hs14	105248490	105251093	hs14	37589984	37596059
hs14	105248490	105251093	hs14	67647075	67674831
hs19	11574660	11579008	hs19	18173162	18178117
hs1	23845077	23868294	hs1	5991466	6101193
hs1	23845077	23868294	hs1	182789293	182830384
hs19	18173162	18178117	hs19	18153118	18170540
hs19	38647649	38731583	hs19	38730187	38769904
hs10	102479229	102502711	hs10	92451684	92574076
hs1	162631373	162787400	hs1	6221193	6235972
hs1	162631373	162787400	hs1	155610205	155614967
hs1	162631373	162787400	hs1	113929192	113977869
hs3	47282917	47346816	hs3	57556276	57566844
hs3	38453851	38493142	hs3	44431720	44477670
hs3	38453851	38493142	hs3	40524878	40574685
hs3	38453851	38493142	hs3	150408335	150466431
hs3	44431720	44477670	hs3	40524878	40574685
hs8	13083361	13604610	hs8	102648779	102655902
hs8	13083361	13604610	hs8	143636013	143656418
hs8	13083361	13604610	hs8	33547755	33567125
hs19	52336245	52367778	hs19	52113091	52139922
hs19	19865886	19894674	hs19	21804949	21852125
hs19	19865886	19894674	hs19	32345594	32387667
hs19	56538948	56556810	hs19	57527325	57557542
hs19	56538948	56556810	hs19	51991332	52008230
hs5	98853985	98928957	hs5	112861222	112869788
hs5	98853985	98928957	hs5	134194334	134226142
hs3	150408335	150466431	hs3	40524878	40574685
hs1	27392644	27395814	hs1	44800225	44805990
hs16	89696343	89701705	hs16	3018445	3022383
hs10	97332497	97334709	hs10	806914	931705
hs19	36334453	36379199	hs19	40069152	40090938
hs19	36334453	36379199	hs19	36383120	36418656
hs19	36334453	36379199	hs19	37551406	37614097
hs19	11089362	11133816	hs19	36445119	36489902
hs6	42744481	42746096	hs6	27450743	27473118
hs6	11183298	11382348	hs6	42744481	42746096
hs6	11183298	11382348	hs6	3722614	3752026
hs19	51991332	52008230	hs19	52113091	52139922
hs19	37613749	37692337	hs19	37411155	37469275
hs19	37613749	37692337	hs19	37696363	37719790
hs19	37613749	37692337	hs19	36445119	36489902
hs19	44002948	44013926	hs19	57351307	57359898
hs19	44002948	44013926	hs19	52269571	52296046
hs19	44002948	44013926	hs19	57527325	57557542
hs19	44002948	44013926	hs19	36445119	36489902
hs19	44002948	44013926	hs19	51991332	52008230
hs19	44002948	44013926	hs19	37696363	37719790
hs19	37696363	37719790	hs19	52113091	52139922
hs19	37696363	37719790	hs19	52336245	52367778
hs19	36445119	36489902	hs19	52012765	52030240
hs19	36445119	36489902	hs19	21221500	21329425
hs19	36445119	36489902	hs19	51991332	52008230
hs19	36445119	36489902	hs19	37411155	37469275
hs7	87934143	88202889	hs7	82754013	83162930
hs9	2621834	2660053	hs9	2422702	2643359
hs22	23834503	23839128	hs22	41699499	41799456
hs8	22687659	22693302	hs8	125430321	125438405
hs6	36676460	36687339	hs6	37170203	37175426
hs12	52022832	52059507	hs12	132986365	133032952
hs12	52022832	52059507	hs12	48857145	48865898
hs1	161184308	161199056	hs1	44800225	44805990
hs8	102648779	102655902	hs8	33547755	33567125
hs19	29665056	29675457	hs19	40440844	40444705
hs12	52069246	52077494	hs12	7919230	7936275
hs12	52069246	52077494	hs12	122865328	122896444
hs12	52069246	52077494	hs12	106955719	106978778
hs12	48857145	48865898	hs12	7812512	7891148
hs12	48857145	48865898	hs12	7919230	7936275
hs19	40421592	40426025	hs19	40440844	40444705
hs19	1248553	1259140	hs19	53866223	53876437
hs19	1248553	1259140	hs19	35887653	35902303
hs19	1248553	1259140	hs19	40440844	40444705
hs19	1248553	1259140	hs19	40421592	40426025
hs12	7812512	7891148	hs12	7919230	7936275
hs8	33547755	33567125	hs8	48917690	48921740
hs8	33547755	33567125	hs8	73972437	73982783
hs1	150508062	150513789	hs1	1632095	1701810
hs9	18473894	18910950	hs9	98807699	98850081
hs15	24823637	24978723	hs15	24954986	24977850
hs1	161070995	161089599	hs1	156061160	156070514
hs19	51345169	51366418	hs19	19515736	19529054
hs2	63588609	63607197	hs2	46541806	46583121
hs2	63588609	63607197	hs2	63840940	63891562
hs11	124752583	124762290	hs11	124883691	124898500
hs6	32038265	32041670	hs6	32041154	32115334
hs11	62686402	62689899	hs11	89324356	89498187
hs4	112818109	113383740	hs4	8269765	8307111
hs6	85449584	85495791	hs6	32041154	32115334
hs5	180601506	180649624	hs5	93583337	93594615
hs19	14147743	14206187	hs19	14477760	14496149
hs4	99304964	99321401	hs4	99336492	99353027
hsX	154428632	154436516	hsX	68498323	68537285
hs7	132123332	132648688	hs7	76326794	76359031
hs7	132123332	132648688	hs7	65873267	65959563
hs2	85354394	85391752	hs2	63840940	63891562
hs2	85354394	85391752	hs2	9403475	9423547
hs2	85354394	85391752	hs2	231523160	231530495
hs19	37007857	37130314	hs19	42220271	42228201
hs19	37007857	37130314	hs19	52113091	52139922
hs7	99325898	99388164	hs7	99408641	99419616
hs1	111499429	111503760	hs1	182598623	182604408
hs8	133036724	133103054	hs8	48917690	48921740
hs15	72751369	72785846	hs15	51447711	51622833
hs10	111077163	111080907	hs10	110919547	111013667
hs10	110919547	111013667	hs10	38094336	38125544
hs11	67266410	67286556	hs11	95976598	96343180
hs11	129375940	129452279	hs11	64823387	64844569
hs11	129375940	129452279	hs11	34478793	34513805
hs11	129375940	129452279	hs11	45921621	45929096
hs11	129375940	129452279	hs11	61299451	61342596
hs13	110148963	110307149	hs13	110305812	110513027
hs10	30012800	30115494	hs10	70478821	70568449
hs10	114294824	114404756	hs10	97222173	97292673
hs7	151085831	151144436	hs7	6009245	6023834
hs1	196651878	196747504	hs1	71395940	72282734
hs1	196651878	196747504	hs1	196774795	196795406
hs1	196651878	196747504	hs1	196819757	196832189
hs8	140520156	140635619	hs8	28890394	29064764
hs5	168548495	168579600	hs5	134601144	134649271
hs2	37099210	37157065	hs2	203014879	203226378
hs3	188153284	188890671	hs3	114338094	115147271
hs3	188153284	188890671	hs3	196347662	196432474
hs5	96935394	97037515	hs5	168548495	168579600
hs15	84655129	84658563	hs15	77041404	77083984
hs17	42865922	42874369	hs17	55392613	55421992
hs10	70098223	70132934	hs10	95311771	95561414
hs2	61177418	61191203	hs2	61145068	61164829
hs1	222668013	222713210	hs1	231241207	231277973
hs19	19515736	19529054	hs19	10832438	10836318
hs19	19515736	19529054	hs19	9827892	9830115
hs19	19515736	19529054	hs19	7926718	7943920
hs7	65873267	65959563	hs7	76326794	76359031
hs16	88874858	88977204	hs16	49487524	49857919
hs2	36531805	36646087	hs2	63840940	63891562
hs9	110048598	110172512	hs9	109780309	110172512
hs19	15353385	15379798	hs19	40069152	40090938
hs1	38991223	39006059	hs1	18904281	18956686
hs1	38991223	39006059	hs1	156721891	156728799
hs1	38991223	39006059	hs1	88979456	88992960
hs1	38991223	39006059	hs1	114704469	114716894
hs1	38991223	39006059	hs1	44800225	44805990
hs1	18904281	18956686	hs1	23084023	23177808
hs1	18904281	18956686	hs1	45339670	45343975
hs1	18904281	18956686	hs1	44800225	44805990
hs1	88979456	88992960	hs1	37474552	37484379
hs6	43171299	43181507	hs6	28244623	28252224
hs14	51826195	51979342	hs14	92936914	93116320
hs5	150601080	150659220	hs5	151029945	151093577
hs17	12992391	13018187	hs17	4269259	4366628
hs11	112086773	112120013	hs11	64223799	64226254
hs10	124801785	124836670	hs10	806914	931705
hs19	12891026	12914207	hs19	19515736	19529054
hs19	12891026	12914207	hs19	10333776	10339823
hs16	30053090	30070457	hs16	89696343	89701705
hs9	99216426	99221956	hs9	101387633	101398614
hs1	235131183	235161457	hs1	1216908	1232031
hs12	122980060	122982913	hs12	112013316	112023451
hs12	122980060	122982913	hs12	123410683	123436717
hs11	78100936	78139660	hs11	78068304	78080219
hs11	78100936	78139660	hs11	119096503	119108331
hs17	18183078	18209954	hs17	38765689	38800126
hs17	18183078	18209954	hs17	21197280	21214624
hs17	18183078	18209954	hs17	18039292	18068404
hs4	151409216	151663632	hs4	151102751	151325632
hs4	151409216	151663632	hs4	151670504	151761023
hs4	151409216	151663632	hs4	140620765	140756120
hs19	6372433	6375251	hs19	2328615	2354806
hs16	29992321	29996436	hs16	30761745	30776307
hs16	29992321	29996436	hs16	31032889	31042975
hs16	29992321	29996436	hs16	29806106	29811164
hs16	2520357	2531422	hs16	2530035	2531417
hs12	47075707	47079951	hs12	47079603	47236662
hs1	160276812	160286348	hs1	86704570	86748184
hs13	39038306	39050109	hs13	47936491	48001354
hs21	25716503	25735673	hs21	33559542	33588708
hs21	25716503	25735673	hs21	31659622	31668931
hs21	25716503	25735673	hs21	44133605	44145723
hs21	25716503	25735673	hs21	33903453	33915980
hs14	20684177	20698971	hs14	20684100	20701215
hs12	53985065	53990279	hs12	53938765	53946544
hs12	53985065	53990279	hs12	53973126	53977643
hs1	20552439	20555010	hs1	1632095	1701810
hs17	9910609	10198551	hs17	39063303	39154394
hs19	49429401	49442360	hs19	55488404	55519098
hs17	50693190	50707924	hs17	21197280	21214624
hs17	50693190	50707924	hs17	39737927	39747291
hs17	50693190	50707924	hs17	4997948	5028401
hs17	50693190	50707924	hs17	59893046	59950564
hs5	140401814	140539856	hs5	140401908	140549569
hs16	89267627	89490561	hs16	72093562	72112912
hs16	72093562	72112912	hs16	69311356	69326939
hs9	66106815	66153135	hs9	64369394	64413142
hs3	15667236	15859771	hs3	25174332	25597932
hs2	97113496	97264521	hs2	97492663	97589965
hs14	75079353	75127344	hs14	39031919	39109646
hs2	231056864	231172827	hs2	161308038	161411717
hs2	231056864	231172827	hs2	96184859	96208825
hsX	7219456	7354810	hsX	119574467	119591083
hs15	90265659	90278141	hs15	90249530	90265482
hs7	73440398	73522278	hs7	73683025	73705161
hs7	73440398	73522278	hs7	100092728	100101940
hs7	73440398	73522278	hs7	100088954	100092200
hs2	69644425	69827100	hs2	73073382	73156721
hs2	69644425	69827100	hs2	109542982	109614206
hs2	109542982	109614206	hs2	109614334	109618990
hs1	111139627	111185102	hs1	111117333	111140216
hs10	47460162	47484158	hs10	46375627	46537864
hs17	42851184	42858130	hs17	42865922	42874369
hs14	23559565	23568070	hs14	20989770	20997035
hs19	16197578	16245907	hs19	10572671	10587315
hs1	6424788	6461370	hs1	156061160	156070514
hs1	6424788	6461370	hs1	26949562	26960406
hs1	26949562	26960406	hs1	161070995	161089599
hs1	26949562	26960406	hs1	43269994	43274002
hs1	26949562	26960406	hs1	201373244	201399915
hs1	26949562	26960406	hs1	156061160	156070514
hs21	30214006	30216073	hs21	41464551	41531116
hs21	30214006	30216073	hs21	41739369	41767106
hs6	7541575	7586717	hs6	10393186	10419659
hs21	17512382	17593579	hs21	41464551	41531116
hs21	17512382	17593579	hs21	41739369	41767106
hs19	35115879	35124324	hs19	3708109	3750813
hs21	41739369	41767106	hs21	41464551	41531116
hs20	17956979	18059188	hs20	62410237	62427533
hs11	34621093	34661057	hs11	45921621	45929096
hs1	201373244	201399915	hs1	161070995	161089599
hs1	201373244	201399915	hs1	31576485	31587686
hs1	201373244	201399915	hs1	58575423	58577773
hs1	201373244	201399915	hs1	156061160	156070514
hs1	151510510	151538692	hs1	59814786	59876378
hs1	151510510	151538692	hs1	201373244	201399915
hs1	151510510	151538692	hs1	26949562	26960406
hs1	151510510	151538692	hs1	161070995	161089599
hs1	151510510	151538692	hs1	156061160	156070514
hs1	27379176	27383380	hs1	201373244	201399915
hs1	27379176	27383380	hs1	117143587	117210960
hs1	27379176	27383380	hs1	43269994	43274002
hs1	27379176	27383380	hs1	151510510	151538692
hs1	27379176	27383380	hs1	156061160	156070514
hs1	27379176	27383380	hs1	26949562	26960406
hs11	45921621	45929096	hs11	102396332	102470384
hs11	369796	382116	hs11	45921621	45929096
hs11	369796	382116	hs11	64823387	64844569
hs16	68737225	68835548	hs16	67199111	67204029
hs11	64823387	64844569	hs11	34621093	34661057
hs11	64823387	64844569	hs11	45921621	45929096
hs15	40844018	40858207	hs15	42412823	42491123
hs19	7595902	7618304	hs19	44777869	44800634
hs19	7595902	7618304	hs19	35115879	35124324
hs19	7595902	7618304	hs19	3708109	3750813
hs8	94641074	94707466	hs8	101492432	101669726
hs1	156061160	156070514	hs1	27934993	27959157
hs1	156061160	156070514	hs1	43269994	43274002
hs19	49766968	49807113	hs19	38619082	38636955
hs19	49766968	49807113	hs19	1383527	1395589
hs1	156742107	156766925	hs1	154944076	154956123
hs1	156742107	156766925	hs1	149937812	150010676
hs1	156742107	156766925	hs1	154924734	154936991
hs17	47823272	47831534	hs17	50094737	50112152
hs17	47823272	47831534	hs17	76038775	76072653
hs17	44849943	44899662	hs17	47823272	47831534
hs1	149937812	150010676	hs1	154924734	154936991
hs20	58309696	58367507	hs20	50081124	50115959
hs20	58309696	58367507	hs20	58389122	58451101
hs6	170290703	170407065	hs6	160991727	161117385
hs3	49674002	49683963	hs3	48599002	48610976
hs11	64241003	64244132	hs11	62611722	62615120
hs11	64241003	64244132	hs11	62676498	62679117
hs11	64241003	64244132	hs11	65961689	65979828
hs20	17613678	17682295	hs20	63707465	63736142
hs19	44914247	44919349	hs19	44905754	44909393
hs20	25195693	25226729	hs20	25248069	25298014
hs19	40576851	40591399	hs19	19276018	19320844
hsX	47561100	47571920	hsX	130401969	130413343
hs19	19276018	19320844	hs19	7926718	7943920
hs19	13144058	13150383	hs19	10832438	10836318
hs19	13144058	13150383	hs19	19276018	19320844
hs19	12953119	12957236	hs19	54155161	54159882
hs19	12953119	12957236	hs19	12666800	12675832
hs19	12953119	12957236	hs19	10832438	10836318
hs19	12953119	12957236	hs19	38930548	38933162
hs19	12953119	12957236	hs19	19276018	19320844
hs19	12953119	12957236	hs19	10553078	10566037
hs19	12953119	12957236	hs19	5586999	5624046
hs19	12953119	12957236	hs19	7926718	7943920
hs19	12953119	12957236	hs19	9835257	9849682
hs19	12953119	12957236	hs19	13144058	13150383
hs19	7926718	7943920	hs19	10832438	10836318
hs7	99408641	99419616	hs7	74231499	74254458
hs7	99408641	99419616	hs7	73683025	73705161
hs7	99408641	99419616	hs7	96481626	96709891
hs19	10553078	10566037	hs19	19276018	19320844
hs19	10553078	10566037	hs19	5623035	5668478
hs19	10553078	10566037	hs19	5586999	5624046
hs19	10553078	10566037	hs19	7926718	7943920
hs7	96481626	96709891	hs7	141738321	141787922
hs7	96481626	96709891	hs7	73683025	73705161
hs3	57571363	57598220	hs3	57556276	57566844
hs6	3153669	3157526	hs6	3224261	3231730
hs3	57556276	57566844	hs3	150408335	150466431
hs14	49893092	49897054	hs14	50108632	50116600
hs5	151771045	151812785	hs5	111091716	111130502
hs5	151771045	151812785	hs5	56919602	56971675
hs11	6474683	6481479	hs11	14443440	14500027
hs20	63698642	63708025	hs20	63707465	63736142
hs12	112013316	112023451	hs12	120095095	120117502
hs7	100088954	100092200	hs7	96481626	96709891
hs1	207321508	207386804	hs1	162561506	162599842
hs1	207321508	207386804	hs1	155195588	155209051
hs11	100687653	100991937	hs11	100991989	100993941
hs22	44752558	44862788	hs22	44702233	44862706
hs1	32862268	32872482	hs1	52142094	52346686
hs7	144186083	144195655	hs7	144183466	144186053
hs7	144186083	144195655	hs7	144355288	144380632
hs7	144183466	144186053	hs7	144258607	144259722
hs7	144183466	144186053	hs7	143755089	143757696
hs7	144355288	144380632	hs7	143571801	143574387
hs7	144355288	144380632	hs7	143755089	143757696
hs7	144355288	144380632	hs7	144258607	144259722
hs7	144355288	144380632	hs7	144183466	144186053
hs14	21070270	21090240	hs14	39031919	39109646
hs7	143571801	143574387	hs7	144258607	144259722
hs7	143571801	143574387	hs7	144183466	144186053
hs7	143571801	143574387	hs7	143755089	143757696
hs7	143755089	143757696	hs7	144258607	144259722
hs6	156777374	157210779	hs6	154733325	154834244
hs19	40717103	40740860	hs19	34404384	34426168
hs1	150574551	150579738	hs1	204403387	204411791
hs11	93784227	93814695	hs11	123724177	123741675
hs5	53883945	54310582	hs5	94703741	95284575
hs17	46516702	46579722	hs17	46511511	46555650
hs17	46516702	46579722	hs17	46292733	46337794
hs17	46511511	46555650	hs17	64854312	64919480
hs17	46292733	46337794	hs17	64854312	64919480
hs17	46292733	46337794	hs17	46511511	46555650
hs10	102673731	102714407	hs10	104235356	104267459
hs1	229304857	229305504	hs1	193059422	193091777
hs1	1373730	1375495	hs1	1635227	1659012
hs9	129608884	129636131	hs9	133406059	133418096
hs6	31658298	31660772	hs6	31661229	31666283
hs11	65576038	65592650	hs11	64241003	64244132
hs11	65576038	65592650	hs11	65084223	65088400
hs11	65576038	65592650	hs11	65961689	65979828
hs9	136807943	136957733	hs9	133328774	133336398
hs19	38930548	38933162	hs19	13144058	13150383
hsX	154444126	154450654	hsX	48973720	49002264
hs15	25059538	25059633	hs15	24823637	24978723
hs6	108848416	108974472	hs6	3722614	3752026
hs11	2400488	2403878	hs11	9573681	9593457
hsX	101622797	101627843	hsX	102720688	102753540
hs6	151452258	151470101	hs6	151404763	151452181
hs3	197509783	197573323	hs3	179604690	179627647
hs3	197509783	197573323	hs3	98732236	98821201
hs17	39671122	39696797	hs17	39637065	39663484
hs1	150282543	150287093	hs1	7843083	7853512
hs1	150282543	150287093	hs1	7784320	7845177
hs1	7784320	7845177	hs1	7843083	7853512
hs12	27332854	27425289	hs12	54549350	54579239
hs4	163343939	163351934	hs4	151102751	151325632
hs9	129634604	129642169	hs9	100302077	100352939
hs1	153661788	153671048	hs1	92167052	92184723
hs16	27313668	27364778	hs16	55508998	55586670
hs9	137300482	137302251	hs9	72351425	72365235
hs1	67685061	67688338	hs1	228735077	228746669
hs1	8004404	8026308	hs1	172659018	172666874
hs1	8004404	8026308	hs1	67685061	67688338
hs1	8004404	8026308	hs1	192575727	192580031
hs1	8004404	8026308	hs1	228735077	228746669
hs1	8004404	8026308	hs1	94529225	94541800
hs17	34255218	34257203	hs17	78356778	78360077
hs17	34255218	34257203	hs17	34319036	34321402
hs9	89605013	89606555	hs9	72351425	72365235
hs9	89605013	89606555	hs9	70384597	70414624
hs9	89605013	89606555	hs9	137300482	137302251
hs12	56994446	56998441	hs12	103587273	103766727
hs2	190408355	190509205	hs2	234951973	235055714
hs5	138178719	138187715	hs5	160421822	160428744
hs5	138178719	138187715	hs5	126776623	126837020
hs12	2857681	2877155	hs12	49323236	49331731
hs17	8204733	8210600	hs17	6444415	6451469
hs17	8204733	8210600	hs17	78214186	78225636
hs17	78214186	78225636	hs17	78174075	78187233
hs8	38105242	38144076	hs8	38176533	38213301
hs8	38105242	38144076	hs8	38269697	38382272
hs8	38105242	38144076	hs8	38225218	38275558
hs8	38105242	38144076	hs8	38163321	38176730
hs8	38105242	38144076	hs8	37762593	37779767
hs8	38105242	38144076	hs8	37736599	37759101
hs8	38176533	38213301	hs8	38225218	38275558
hs8	38225218	38275558	hs8	37736599	37759101
hs8	38225218	38275558	hs8	38163321	38176730
hs8	38163321	38176730	hs8	37762593	37779767
hs8	37736599	37759101	hs8	38163321	38176730
hs8	37736599	37759101	hs8	37762593	37779767
hs19	12737139	12748323	hs19	10718079	10833488
hs19	12737139	12748323	hs19	19515736	19529054
hs3	182938074	182985953	hs3	101324205	101513241
hs1	212565334	212620777	hs1	206635536	206684419
hs1	212565334	212620777	hs1	58780788	58784327
hs1	212565334	212620777	hs1	182598623	182604408
hs1	212565334	212620777	hs1	204403387	204411791
hs1	212565334	212620777	hs1	85266248	85277090
hs1	212565334	212620777	hs1	85580761	85583962
hs5	172768090	172771195	hs5	138465490	138469315
hs10	89205629	89207314	hs10	62811996	62919900
hs10	89205629	89207314	hs10	110497838	110511544
hs1	206635536	206684419	hs1	45339670	45343975
hs1	206635536	206684419	hs1	204403387	204411791
hs1	206635536	206684419	hs1	88852932	88891944
hs1	206635536	206684419	hs1	44800225	44805990
hs19	12791496	12793315	hs19	48872392	48876057
hs19	12791496	12793315	hs19	39406813	39409412
hs1	204403387	204411791	hs1	225982702	225999331
hs1	204403387	204411791	hs1	110338506	110346681
hs19	13150415	13154908	hs19	48872392	48876057
hs19	13150415	13154908	hs19	12791496	12793315
hs1	85266248	85277090	hs1	204403387	204411791
hs1	85266248	85277090	hs1	85580761	85583962
hs1	85580761	85583962	hs1	110338506	110346681
hs1	85580761	85583962	hs1	37802944	37808185
hs1	85580761	85583962	hs1	58780788	58784327
hs1	85580761	85583962	hs1	204403387	204411791
hs19	48872392	48876057	hs19	39406813	39409412
hs19	45467995	45475179	hs19	40440844	40444705
hs19	45467995	45475179	hs19	13150415	13154908
hs19	45467995	45475179	hs19	12791496	12793315
hs19	45467995	45475179	hs19	39406813	39409412
hs19	45467995	45475179	hs19	48872392	48876057
hs5	160401641	160421711	hs5	160009113	160065543
hs14	55051631	55070192	hs14	55027230	55049488
hs1	156082573	156140089	hs1	35176378	35193148
hs1	156082573	156140089	hs1	44800225	44805990
hs3	72371825	72446918	hs3	150408335	150466431
hs19	1852399	1863568	hs19	1248553	1259140
hs19	10543895	10553418	hs19	10350529	10380676
hs6	106184476	106325820	hs6	36676460	36687339
hs11	85659708	85682908	hs11	93732361	93732499
hs1	16985958	17011928	hs1	145911350	145918837
hs16	3651639	3717597	hs16	21952660	21983660
hs12	56271699	56300392	hs12	4649095	4694317
hs14	24505353	24508265	hs14	24573522	24576260
hs16	85798633	85807044	hs16	75627474	75648643
hs21	33903453	33915980	hs21	33559542	33588708
hs16	75627474	75648643	hs16	28842411	28846408
hs17	73232233	73248947	hs17	18039292	18068404
hs19	35648223	35658861	hs19	38619082	38636955
hs11	118401154	118431496	hs11	134248279	134253370
hs19	41431318	41440717	hs19	12953119	12957236
hs5	32124704	32174350	hs5	32226994	32313009
hs8	20197367	20226819	hs8	11842524	11869448
hs2	10721649	10785110	hs2	10783391	10837977
hs4	90127535	91601913	hs4	151409216	151663632
hs17	21238870	21253410	hs17	1646145	1650077
hs1	19682213	19799945	hs1	155173787	155184971
hs19	45178745	45181801	hs19	19515736	19529054
hs1	1635227	1659012	hs1	151510510	151538692
hs1	1635227	1659012	hs1	1216908	1232031
hs19	9835257	9849682	hs19	5586999	5624046
hs19	9835257	9849682	hs19	19276018	19320844
hs19	9835257	9849682	hs19	10832438	10836318
hs19	9835257	9849682	hs19	13144058	13150383
hs20	31739271	31801805	hs20	45812576	45816957
hs15	40161023	40221136	hs15	41332694	41381050
hs5	163460203	163491945	hs5	126776623	126837020
hs5	163460203	163491945	hs5	138178719	138187715
hs2	19351485	19358653	hs2	43222402	43226609
hs2	19351485	19358653	hs2	191834302	191847255
hs6	158765741	158819412	hs6	149504733	149546038
hs14	31446036	31457510	hs14	31489956	31861224
hs6	57172326	57189833	hs6	57186992	57222314
hs14	103556544	103562831	hs14	55051631	55070192
hs8	119165034	119245673	hs8	41261958	41309497
hs1	153606886	153613145	hs1	31576485	31587686
hs17	75667116	75708062	hs17	76038775	76072653
hs10	110898730	110919274	hs10	110871795	110900006
hs9	70384597	70414624	hs9	137300482	137302251
hs9	70384597	70414624	hs9	72351425	72365235
hs16	56682424	56684196	hs16	56608199	56609497
hs15	72686179	72738476	hs15	40978880	41116354
hs13	27435643	27450591	hs13	28659104	28678925
hs2	85657314	85668741	hs2	233636454	233773305
hs19	44747705	44760044	hs19	1248553	1259140
hs14	90396502	90408261	hs14	92936914	93116320
hs17	47522942	47623276	hs17	36486629	36499310
hs17	47522942	47623276	hs17	38181659	38192541
hs14	96255824	96268967	hs14	96204679	96244166
hsX	103215092	103217246	hsX	103252995	103255203
hsX	103215092	103217246	hsX	103376340	103378077
hsX	103252995	103255203	hsX	103356445	103358469
hs4	109815510	109824740	hs4	70688479	70690551
hsX	103376340	103378077	hsX	103356445	103358469
hs3	4979116	4985323	hs3	157146508	157160760
hs3	157146508	157160760	hs3	156673235	156706770
hs3	157146508	157160760	hs3	185915906	185938136
hs3	157146508	157160760	hs3	39141855	39154562
hs3	157146508	157160760	hs3	150408335	150466431
hs17	42287547	42311943	hs17	42199168	42276707
hs8	124539103	124568510	hs8	96225920	96235634
hs6	8013567	8064414	hs6	28244623	28252224
hs11	118359585	118399211	hs11	134224645	134247792
hs6	55753645	55875564	hs6	75749192	75919537
hs15	59659146	59689534	hs15	66504959	66550128
hs9	134030305	134068535	hs9	128255829	128275995
hs9	128255829	128275995	hs9	133328774	133336398
hs8	37843268	37849904	hs8	38163321	38176730
hs8	37843268	37849904	hs8	37762593	37779767
hs8	37843268	37849904	hs8	37736599	37759101
hs17	61681266	61863521	hs17	39728496	39730787
hs17	39728496	39730787	hs17	39671122	39696797
hs11	66337333	66345125	hs11	65961689	65979828
hs5	95885098	95962071	hs5	119268692	119399688
hs15	83016422	83067354	hs15	83107407	83144854
hs15	83016422	83067354	hs15	76931619	76954392
hs15	83016422	83067354	hs15	80059568	80138393
hs9	111661335	111670246	hs9	76385517	76394517
hs1	44808482	44815585	hs1	44800225	44805990
hs19	1985438	2034881	hs19	33177603	33208867
hs19	1985438	2034881	hs19	1383527	1395589
hs19	1985438	2034881	hs19	48469032	48482314
hs19	1985438	2034881	hs19	47255980	47271953
hs1	26900238	26946862	hs1	29147743	29181987
hs1	26900238	26946862	hs1	154924734	154936991
hs20	3190350	3204685	hs20	62122461	62135378
hs20	3190350	3204685	hs20	17613678	17682295
hs19	47255980	47271953	hs19	12953119	12957236
hs19	47255980	47271953	hs19	10553078	10566037
hs19	47255980	47271953	hs19	1383527	1395589
hs19	47255980	47271953	hs19	39385852	39391195
hs19	47255980	47271953	hs19	48469032	48482314
hs19	47255980	47271953	hs19	38930548	38933162
hs19	47255980	47271953	hs19	55452985	55462343
hs19	47255980	47271953	hs19	45039040	45070956
hs19	47255980	47271953	hs19	13144058	13150383
hs19	47255980	47271953	hs19	5623035	5668478
hs19	47255980	47271953	hs19	5586999	5624046
hs2	62673851	63046487	hs2	85354394	85391752
hs14	105300563	105398147	hs14	99397746	99480889
hs11	61873519	61892051	hs11	78652831	79440948
hs2	9403475	9423547	hs2	63588609	63607197
hs2	9403475	9423547	hs2	46541806	46583121
hs1	26432282	26471294	hs1	155610205	155614967
hs1	92080305	92147836	hs1	92167052	92184723
hs5	86617904	86620962	hs5	176388747	176389771
hs5	86617904	86620962	hs5	53560633	53683340
hs15	74598500	74645414	hs15	75647906	75662301
hs6	26402237	26415216	hs6	26365159	26378320
hs2	174348022	174395715	hs2	169584340	169641406
hs6	43012094	43013968	hs6	33289302	33298401
hs8	19817140	19852083	hs8	21919671	22006585
hs16	56632233	56633986	hs16	56608199	56609497
hs16	56632233	56633986	hs16	56682424	56684196
hs10	100987367	100994401	hs10	94333226	94362959
hs9	97501180	97601748	hs9	97600080	97633575
hs1	209785623	209806175	hs1	173477266	173488807
hs1	209785623	209806175	hs1	156061160	156070514
hs1	209785623	209806175	hs1	26949562	26960406
hs11	112074086	112085150	hs11	65333754	65353249
hs11	86302211	86345931	hs11	74171099	74254703
hs12	88033846	88050160	hs12	104064457	104106524
hs19	42325609	42378769	hs19	50188186	50310545
hs10	68341107	68407294	hs10	38094336	38125544
hs16	634427	636366	hs16	2771414	2777297
hs17	7014495	7017525	hs17	7012417	7014532
hs3	196568611	196589059	hs3	196867856	196934714
hs1	207018521	207032756	hs1	27379176	27383380
hs1	162366908	162386818	hs1	162069774	162370475
hs1	228100726	228105411	hs1	226231149	226309869
hs1	22636506	22639608	hs1	161215234	161220699
hs1	22636506	22639608	hs1	22652762	22661538
hs1	22636506	22639608	hs1	22643630	22648110
hs1	161215234	161220699	hs1	161505430	161524013
hs11	59208510	59212951	hs11	60172014	60184666
hs19	7739994	7747564	hs19	7515292	7521026
hs19	7739994	7747564	hs19	35030684	35040448
hs19	7739994	7747564	hs19	54249431	54257301
hs11	72216601	72221950	hs11	60172014	60184666
hs11	72216601	72221950	hs11	59208510	59212951
hs1	22652762	22661538	hs1	67307364	67396900
hs1	22652762	22661538	hs1	161505430	161524013
hs1	22652762	22661538	hs1	160678746	160711851
hs1	22652762	22661538	hs1	161215234	161220699
hs1	22652762	22661538	hs1	22643630	22648110
hs1	22643630	22648110	hs1	161505430	161524013
hs1	22643630	22648110	hs1	161215234	161220699
hs1	160678746	160711851	hs1	160796074	160828261
hs22	37943050	37953669	hs22	37905657	37942822
hs19	10391134	10420121	hs19	19276018	19320844
hs19	10391134	10420121	hs19	40576851	40591399
hs19	10391134	10420121	hs19	12953119	12957236
hs19	10391134	10420121	hs19	9835257	9849682
hs19	10391134	10420121	hs19	10486120	10503741
hs19	5623035	5668478	hs19	5586999	5624046
hs17	35713791	35864615	hs17	44205033	44221626
hs10	110497838	110511544	hs10	62811996	62919900
hs2	106063246	106078159	hs2	63840940	63891562
hs2	106063246	106078159	hs2	206159585	206162928
hs8	144104499	144107611	hs8	42391624	42405897
hs2	85606654	85612066	hs2	98599310	98608515
hs14	55027230	55049488	hs14	70366496	70417061
hs6	31982024	32002681	hs6	31971091	31982821
hs5	134845680	134859737	hs5	115613508	115632992
hs5	134845680	134859737	hs5	56919602	56971675
hs5	56919602	56971675	hs5	115613508	115632992
hs5	179835133	179862173	hs5	179806398	179838078
hs11	64223799	64226254	hs11	118359585	118399211
hs6	31661229	31666283	hs6	31546870	31558829
hs17	64499616	64508199	hs17	1711493	1717174
hs9	88990863	88996140	hs9	88991447	89005010
hs9	129827290	129835863	hs9	133356552	133361169
hs9	129827290	129835863	hs9	128255829	128275995
hs11	47617315	47642623	hs11	10511678	10541230
hs17	60149936	60170899	hs17	43847148	43863629
hsX	15688830	15788409	hsX	15785716	15787589
hs12	11649854	11895402	hs12	5432112	5521536
hs16	4425805	4456775	hs16	68284503	68310951
hs3	53494656	53813733	hs3	27110085	27369460
hs17	48830988	48866522	hs17	50962174	51120865
hs22	31399523	31528740	hs22	50508216	50523472
hs3	49689499	49721529	hs3	49108046	49120938
hs1	109113679	109206781	hs1	43269994	43274002
hs1	109113679	109206781	hs1	156061160	156070514
hs12	67269281	67319951	hs12	108562582	108569384
hs7	116811070	116922049	hs7	116287380	116508541
hs17	40140318	40172183	hs17	39404285	39451286
hs17	39404285	39451286	hs17	39728496	39730787
hs17	39404285	39451286	hs17	38752736	38764231
hs17	39404285	39451286	hs17	39980797	39997960
hs15	40594020	40664342	hs15	41332694	41381050
hs12	52006940	52015889	hs12	7919230	7936275
hs7	143288215	143307696	hs7	135361795	135510127
hs19	42220271	42228201	hs19	51991332	52008230
hs19	42220271	42228201	hs19	52113091	52139922
hs9	68232003	68300015	hs9	41131306	41199261
hs20	62122461	62135378	hs20	61953469	62065810
hs22	38861450	38872314	hs22	19330698	19447450
hs8	22604632	22621514	hs8	17224964	17246878
hs8	22604632	22621514	hs8	489792	545781
hs16	57512178	57536599	hs16	2204248	2209416
hs16	58231157	58283836	hs16	58279997	58295047
hs5	65589680	65625975	hs5	160393148	160400097
hs11	532242	537287	hs11	65961689	65979828
hs11	65919257	65921561	hs11	532242	537287
hs11	65919257	65921561	hs11	65961689	65979828
hs11	65919257	65921561	hs11	57299638	57324952
hs11	65919257	65921561	hs11	64241003	64244132
hs2	27625639	27629012	hs2	68459419	68467258
hs1	1702730	1724324	hs1	1635227	1659012
hs19	13731760	13763296	hs19	10350529	10380676
hs17	16689537	16777881	hs17	18537800	18625617
hs1	88852932	88891944	hs1	88979456	88992960
hs1	88852932	88891944	hs1	204403387	204411791
hs1	88852932	88891944	hs1	44800225	44805990
hs1	88852932	88891944	hs1	145911350	145918837
hs7	898778	975599	hs7	5045821	5069488
hs1	93179919	93278730	hs1	9943428	9985501
hs6	31827735	31830255	hs6	31809619	31815065
hs13	114234887	114272723	hs13	72752169	72782096
hs3	122359591	122383231	hs3	129430944	129440179
hs9	128061233	128068206	hs9	128068201	128109245
hs5	151181052	151224145	hs5	151029945	151093577
hs5	151181052	151224145	hs5	31639410	32110931
hs5	151181052	151224145	hs5	150601080	150659220
hs2	131527675	131533666	hs2	130139287	130145134
hs19	10106289	10111634	hs19	10106223	10114780
hs19	39385852	39391195	hs19	5623035	5668478
hs1	944204	959309	hs1	29147743	29181987
hs1	944204	959309	hs1	26900238	26946862
hs19	55452985	55462343	hs19	1383527	1395589
hs19	35887653	35902303	hs19	40440844	40444705
hs19	35887653	35902303	hs19	40421592	40426025
hs17	36088256	36090169	hs17	36194869	36196758
hs17	36088256	36090169	hs17	36103590	36105621
hs17	36103590	36105621	hs17	78356778	78360077
hs19	16324817	16327874	hs19	39406813	39409412
hs17	35871491	35880793	hs17	47733244	47746119
hs1	116754385	116769228	hs1	32251239	32286165
hs15	40929340	40939072	hs15	52192322	52295798
hs15	59105078	59125045	hs15	41332694	41381050
hs17	21284672	21315240	hs17	45263121	45317040
hs19	53866223	53876437	hs19	4815932	4831704
hs19	53866223	53876437	hs19	10221435	10231272
hs19	53866223	53876437	hs19	40421592	40426025
hs19	18279760	18281622	hs19	7888505	7902021
hs11	66592821	66606019	hs11	64241003	64244132
hs11	66592821	66606019	hs11	65961689	65979828
hs11	66592821	66606019	hs11	62676498	62679117
hs7	56051630	56063989	hs7	56101569	56106576
hs1	158289786	158293630	hs1	159289714	159308224
hs11	118338954	118342744	hs11	118304545	118316175
hs1	207496147	207640647	hs1	1632095	1701810
hs1	207496147	207640647	hs1	67307364	67396900
hs1	167935783	168075843	hs1	153606886	153613145
hs16	30350766	30355361	hs16	31032889	31042975
hs16	30350766	30355361	hs16	11868128	11916082
hs16	30350766	30355361	hs16	680224	682870
hs16	680224	682870	hs16	1349240	1351911
hs19	51225064	51243860	hs19	55675226	55709858
hs19	51225064	51243860	hs19	54238904	54281184
hs19	51225064	51243860	hs19	54249431	54257301
hs19	55675226	55709858	hs19	35030684	35040448
hs2	232878686	233013272	hs2	197804702	198572581
hs6	106086320	106109939	hs6	137867188	137883312
hs6	106086320	106109939	hs6	134169246	134318112
hs1	192575727	192580031	hs1	228735077	228746669
hsX	150766337	150898816	hsX	154401238	154412112
hs13	72752169	72782096	hs13	102844844	102876001
hs1	149923317	149928344	hs1	24631716	24673267
hs12	48829764	48852842	hs12	55752463	55817756
hs11	47418769	47426473	hs11	790475	798333
hs5	163503114	163519336	hs5	139341587	139369720
hs1	26177403	26189886	hs1	59814786	59876378
hs4	74097035	74099293	hs4	74036589	74038807
hs6	12290363	12297194	hs6	37170203	37175426
hs8	25458997	25507920	hs8	27809620	27838095
hs10	60778331	60794852	hs10	128096659	128126385
hs7	21900900	21946084	hs7	21543215	21901839
hs16	64943753	65126112	hs16	67389809	67393535
hs5	177403204	177442901	hs5	134194334	134226142
hs2	85342088	85354620	hs2	46541806	46583121
hs5	141421047	141512979	hs5	141370264	141512979
hs5	141421047	141512979	hs5	141387698	141512979
hs5	141421047	141512979	hs5	141417645	141512979
hs5	141421047	141512979	hs5	141408021	141512979
hs5	141421047	141512979	hs5	141360042	141512979
hs5	141421047	141512979	hs5	141350102	141512979
hs5	141421047	141512979	hs5	141373914	141512979
hs5	141421047	141512979	hs5	141338760	141512979
hs5	141421047	141512979	hs5	141430589	141512979
hs5	141421047	141512979	hs5	141382739	141512979
hs5	141421047	141512979	hs5	141390157	141512979
hs5	141421047	141512979	hs5	141355025	141512979
hs5	141421047	141512979	hs5	141364232	141512979
hs5	141421047	141512979	hs5	141489121	141512979
hs5	141421047	141512979	hs5	141343829	141512979
hs5	141421047	141512979	hs5	141475947	141512979
hs5	141421047	141512979	hs5	141484997	141512979
hs5	141475947	141512979	hs5	141489121	141512979
hs5	141475947	141512979	hs5	141484997	141512979
hs16	22345936	22437165	hs16	89696343	89701705
hs2	20447074	20449445	hs2	191834302	191847255
hs2	20447074	20449445	hs2	43222402	43226609
hs16	56638666	56750276	hs16	56682424	56684196
hs16	56638666	56750276	hs16	56625475	56627112
hs16	56638666	56750276	hs16	56632233	56633986
hs16	56638666	56750276	hs16	56608199	56609497
hs1	214603195	214664588	hs1	163266576	163355764
hs13	24882284	24922889	hs13	32432417	32538885
hs13	24882284	24922889	hs13	19633681	19673459
hs11	62712630	62727349	hs11	65961689	65979828
hs1	26234153	26279038	hs1	27959462	27968096
hs2	181536676	181680665	hs2	181457202	181536187
hs1	196819757	196832189	hs1	196774795	196795406
hs14	34706769	34714823	hs14	75079353	75127344
hs21	36385378	36419015	hs21	33559542	33588708
hs22	23765834	23768443	hs22	43151514	43163242
hs19	42247572	42255157	hs19	1852399	1863568
hs14	21385194	21456126	hs14	103385392	103503831
hs14	103385392	103503831	hs14	70581257	70600690
hs14	103385392	103503831	hs14	20343582	20357905
hs19	58551566	58555124	hs19	54115410	54131719
hs10	100188298	100229619	hs10	86935540	86969481
hs6	32948613	32969094	hs6	33004178	33009612
hs6	33004178	33009612	hs6	33075926	33087201
hs1	228106679	228109312	hs1	151399534	151401944
hs7	74174245	74197101	hs7	99392048	99408829
hs6	139371807	139374620	hs6	134169246	134318112
hs15	43692886	43699222	hs15	43533462	43590253
hs15	43692886	43699222	hs15	43593054	43604901
hs3	33496245	33718356	hs3	33388336	33441371
hs5	178602664	178630615	hs5	140691426	140699291
hs5	140691426	140699291	hs5	180830957	180835726
hs11	77514936	77637805	hs11	77659996	77821017
hs11	77514936	77637805	hs11	77878720	77994678
hs11	77514936	77637805	hs11	78068304	78080219
hs11	77878720	77994678	hs11	78068304	78080219
hs8	27596917	27615031	hs8	27633868	27676776
hs8	61057158	61501645	hs8	51817575	51899186
hs16	1240696	1242554	hs16	1227272	1230184
hs8	124306189	124372692	hs8	70573442	70608387
hs2	6840570	6866635	hs2	6865806	6898239
hs1	78649796	78664078	hs1	1001138	1014541
hs1	78649796	78664078	hs1	27666061	27672218
hs9	130172578	130237304	hs9	79571773	79726882
hs3	170037929	170085403	hs3	150541994	150603228
hs7	107201555	107564514	hs7	25120091	25125361
hs2	188974320	189012746	hs2	237324003	237414375
hs2	188974320	189012746	hs2	215360440	215436172
hs2	188974320	189012746	hs2	189031896	189179879
hs16	57447425	57461275	hs16	75111860	75116771
hs5	176388747	176389771	hs5	132866560	132868031
hs11	64206678	64223886	hs11	47354860	47378576
hs20	35002404	35092871	hs20	35302566	35412141
hs1	241497603	241519761	hs1	161197104	161214395
hs1	241497603	241519761	hs1	220094102	220148041
hs6	75237675	75250323	hs6	87590067	87667453
hs6	75237675	75250323	hs6	125219962	125302078
hs16	1227272	1230184	hs16	1256059	1258998
hs1	220094102	220148041	hs1	17018722	17054170
hs7	73220624	73235945	hs7	75156639	75172044
hs2	207529737	207603431	hs2	205993721	206086303
hs17	45784280	45835828	hs17	46292733	46337794
hs17	45784280	45835828	hs17	46511511	46555650
hs17	45784280	45835828	hs17	45620328	45655156
hs3	97822040	97944963	hs3	97941818	97972457
hs7	151428835	151440813	hs7	151375909	151410727
hs10	43138486	43185308	hs10	91798312	91865276
hs16	58157907	58197920	hs16	28842411	28846408
hs6	31665236	31670343	hs6	42984499	43012342
hs6	31665236	31670343	hs6	31797396	31806984
hs10	104309698	104338404	hs10	3775996	3785281
hs19	2476122	2478259	hs19	40717103	40740860
hs6	131948176	131951373	hs6	30676389	30687895
hs6	131948176	131951373	hs6	11183298	11382348
hs15	30938941	30991607	hs15	62390526	62844631
hs5	140673173	140692024	hs5	140647058	140662479
hs1	112396181	112463456	hs1	178091508	178093984
hs14	90256495	90275429	hs14	52707172	52728587
hs10	100232298	100267680	hs10	89701610	89774939
hs4	76021117	76023497	hs4	76033682	76041415
hs4	73869393	73871242	hs4	74097035	74099293
hs4	73869393	73871242	hs4	74036589	74038807
hs10	44370165	44386493	hs10	70478821	70568449
hs17	4733526	4739922	hs17	4740015	4746119
hs19	18196784	18204074	hs19	52336245	52367778
hs19	18196784	18204074	hs19	37613749	37692337
hsX	149540355	149550510	hsX	149929527	149938811
hs11	61348745	61362299	hs11	61299451	61342596
hs1	109494052	109502932	hs1	182598623	182604408
hs17	7857746	7862282	hs17	47522942	47623276
hs17	76527356	76551175	hs17	76527586	76553578
hs5	75336329	75362104	hs5	43289395	43313512
hs5	75336329	75362104	hs5	111496033	111512590
hs14	59188646	59371405	hs14	54474484	54489196
hs14	54474484	54489196	hs14	55027230	55049488
hs9	121567057	121785530	hs9	104764157	104777457
hs3	183635568	183684477	hs3	179604690	179627647
hs5	140638740	140647785	hs5	132866560	132868031
hs6	117453817	117569858	hs6	117560269	117602542
hs6	24171756	24358052	hs6	24356903	24358284
hs6	31727038	31730617	hs6	31952087	31959110
hs17	21123364	21193265	hs17	1494571	1516888
hs1	15617500	15669044	hs1	15659869	15661722
hs1	6221193	6235972	hs1	202724491	202809470
hs22	23971365	23980469	hs22	23966901	23972532
hs16	70346829	70373383	hs16	74296775	74306288
hs10	102152176	102163871	hs10	97356358	97426076
hs17	63773603	63819317	hs17	67337916	67366627
hs17	63773603	63819317	hs17	76038775	76072653
hs19	54155161	54159882	hs19	7926718	7943920
hs19	54155161	54159882	hs19	1009648	1021179
hs19	54155161	54159882	hs19	13144058	13150383
hs1	111187174	111204535	hs1	160091340	160098943
hs1	111187174	111204535	hs1	43525187	43623666
hs22	20080232	20111877	hs22	44492572	44498298
hs10	116671192	116742574	hs10	95311771	95561414
hs13	51767993	51804157	hs13	102844844	102876001
hs13	51767993	51804157	hs13	72752169	72782096
hs17	28897781	28903071	hs17	29573469	29594054
hs3	47802909	47850195	hs3	11137093	11263557
hs13	40729135	40771173	hs13	32432417	32538885
hs13	40729135	40771173	hs13	45954465	46052759
hs1	153959099	153968184	hs1	154548577	154559028
hs20	62877738	62937952	hs20	63895182	63936031
hs13	44989529	45037669	hs13	40789412	40810111
hs15	66293217	66333898	hs15	42412823	42491123
hs11	112024814	112064390	hs11	87037844	87323758
hs11	112024814	112064390	hs11	112086773	112120013
hs20	36306336	36528637	hs20	45416077	45426244
hs17	64002594	64020634	hs17	63998351	64004304
hsX	72872025	72943814	hsX	72777009	72848802
hs22	40859549	40862126	hs22	40857077	40932815
hs3	180983709	180989774	hs3	39096659	39108363
hs7	103312474	103344873	hs7	92560793	92590394
hs1	156594487	156601496	hs1	27234516	27308633
hs1	156594487	156601496	hs1	23303771	23344336
hs11	64230278	64234286	hs11	65089324	65111860
hs14	73644875	73703732	hs14	75902136	76084585
hs14	75902136	76084585	hs14	49782083	49853203
hs17	142789	181636	hs17	37828305	37884743
hs19	49506816	49526333	hs19	35030684	35040448
hs3	180868141	180982753	hs3	179604690	179627647
hs17	42567068	42573239	hs17	47522942	47623276
hs17	42567068	42573239	hs17	42572315	42577831
hs17	42567068	42573239	hs17	42287547	42311943
hsX	103607451	103629690	hsX	54440401	54445487
hsX	103607451	103629690	hsX	103576231	103587736
hs19	6413348	6424794	hs19	5586999	5624046
hs17	50375059	50397553	hs17	59674636	59707626
hs3	122564238	122575203	hs3	122680618	122730840
hs3	122564238	122575203	hs3	122527924	122564577
hs14	24161053	24166565	hs14	24146683	24160661
hs15	45129933	45165576	hs15	45092650	45114344
hs15	45129933	45165576	hs15	45117367	45129938
hs11	1554044	1571920	hs11	65892049	65900573
hs6	125747664	125761269	hs6	63521761	63583587
hs19	18257097	18274509	hs19	35718019	35738878
hs19	18257097	18274509	hs19	1248553	1259140
hs1	1335276	1349350	hs1	1615415	1630610
hs6	158636474	158644739	hs6	158109515	158168270
hs6	158636474	158644739	hs6	158765741	158819412
hs6	158109515	158168270	hs6	158536436	158635428
hs6	158109515	158168270	hs6	157289386	157323601
hs6	167826922	167972023	hs6	167823876	167826709
hs4	11393150	11429765	hs4	119212587	119295517
hs16	28688558	28735730	hs16	28379579	28403879
hs11	7970251	8001862	hs11	532242	537287
hs10	72692131	72887694	hs10	73007217	73096974
hs10	117542444	117549546	hs10	117473215	117545068
hs1	8861002	8879249	hs1	86914648	87109998
hs17	4948092	4957131	hs17	21238870	21253410
hs1	150600851	150629612	hs1	151982915	151994390
hs1	151982915	151994390	hs1	153543613	153550136
hs8	109334324	109345953	hs8	100150584	100154002
hs8	100150584	100154002	hs8	96261715	96336995
hs15	24985053	24988232	hs15	24823637	24978723
hs1	172659018	172666874	hs1	228735077	228746669
hs1	172659018	172666874	hs1	67685061	67688338
hs16	56625475	56627112	hs16	56682424	56684196
hs16	56625475	56627112	hs16	56608199	56609497
hs16	56625475	56627112	hs16	56632233	56633986
hs14	57200507	57269008	hs14	49782083	49853203
hs2	227325151	227357836	hs2	70985938	70994945
hs5	78360583	78479071	hs5	115613508	115632992
hs14	49782083	49853203	hs14	73058436	73123898
hs8	144078626	144080647	hs8	103398635	103415189
hs5	76716043	76735781	hs5	76615482	76623434
hs11	70203163	70207390	hs11	69653076	69675416
hs17	40019097	40061215	hs17	39980797	39997960
hs16	57152466	57186116	hs16	58707131	58734357
hs10	59246129	59363181	hs10	59176590	59247774
hs3	158571163	158607252	hs3	40524878	40574685
hs6	146543693	146554965	hs6	42744481	42746096
hs10	50067888	50133506	hs10	45727200	45792961
hs17	28755978	28855232	hs17	28905250	28951771
hs9	113113073	113119928	hs9	113103338	113111500
hsX	51332231	51337525	hsX	51490011	51496596
hs17	76712832	76726799	hs17	17494437	17496395
hs2	85839144	85889014	hs2	136765545	137677717
hs8	12182096	12194133	hs8	12425614	12436343
hs11	65572349	65574198	hs11	47407132	47416501
hs6	35452361	35467103	hs6	160991727	161117385
hs2	222570536	222656337	hs2	161308038	161411717
hs10	88990531	89015785	hs10	97332497	97334709
hs11	65120628	65122473	hs11	64316460	64318084
hs19	45890020	45902604	hs19	37106734	37172741
hs11	59806135	59810872	hs11	68030617	68036644
hs1	28329002	28335967	hs1	9943428	9985501
hs1	149782671	149792518	hs1	121087345	121096310
hs1	161663147	161678654	hs1	183555563	183590876
hs11	125445745	125496317	hs11	35431823	35530300
hs17	7591230	7614871	hs17	18039292	18068404
hs9	92947451	93036236	hs9	93058688	93085138
hs13	101710804	102402457	hs13	101452593	101720856
hs5	134601144	134649271	hs5	80408013	80479350
hs5	134601144	134649271	hs5	138946720	139293557
hs7	32957404	33006931	hs7	55681074	55713252
hs7	150625375	150632648	hs7	150514830	150521073
hs7	150625375	150632648	hs7	150450630	150479392
hs7	150567277	150573955	hs7	150450630	150479392
hs7	150567277	150573955	hs7	150625375	150632648
hs17	28879335	28897679	hs17	28905250	28951771
hs5	93583337	93594615	hs5	93409359	93585648
hs19	44112181	44134816	hs19	56439325	56478065
hs19	44112181	44134816	hs19	44002948	44013926
hs19	44112181	44134816	hs19	37696363	37719790
hs19	44112181	44134816	hs19	36916329	36998700
hs19	44112181	44134816	hs19	44072144	44089613
hs20	31844301	31845619	hs20	64047582	64049641
hs19	51795163	51826189	hs19	54236592	54242791
hs19	54236592	54242791	hs19	54216278	54223506
hs4	2227464	2242164	hs4	425815	499156
hs1	5991466	6101193	hs1	182789293	182830384
hs19	5865826	5870540	hs19	5891276	5904006
hs1	152032506	152047907	hs1	149923317	149928344
hs2	207762586	207769563	hs2	207828303	208025560
hs3	184361718	184368596	hs3	12004402	12191400
hs11	3797724	3826371	hs11	2899721	2925246
hs12	51351247	51392867	hs12	51391317	51515763
hs11	22625642	22813055	hs11	61752642	61788518
hs7	74773962	74789315	hs7	73220624	73235945
hs7	74773962	74789315	hs7	75156639	75172044
hs22	30285117	30289627	hs22	30291990	30327046
hs20	62938119	62948475	hs20	49936336	49953892
hs7	150716557	150724284	hs7	150450630	150479392
hs7	150716557	150724284	hs7	150567277	150573955
hs7	150716557	150724284	hs7	150625375	150632648
hs7	150722253	150750033	hs7	150450630	150479392
hs3	43079232	43106076	hs3	48467798	48504826
hs22	37019635	37029822	hs22	37010859	37020183
hs20	63587602	63627041	hs20	35648925	35664956
hs18	21704957	21870957	hs18	32091855	32131561
hs18	11688956	11885685	hs18	11882622	11909223
hs14	92794231	92839963	hs14	59484443	59505410
hs15	34379068	34437466	hs15	34525207	34588503
hs15	23157366	23170711	hs15	28519611	28533014
hs2	132416574	132646559	hs2	132644853	132671579
hs1	145607990	145670648	hs1	147928393	147993521
hs17	19020673	19047637	hs17	19127469	19159176
hs3	119821323	120094417	hs3	129430944	129440179
hs2	18562872	18589572	hs2	18554723	18560680
hs1	109668022	109709551	hs1	109656081	109674836
hs5	71032670	71067689	hs5	69560208	69594723
hs7	74657667	74760692	hs7	75185385	75237696
hs7	74796144	74851551	hs7	75092573	75149817
hs13	27424544	27435823	hs13	28659104	28678925
hs13	27424544	27435823	hs13	27435643	27450591
hs8	124474738	124487914	hs8	124450820	124462150
hs22	23638487	23717356	hs22	23688136	23699176
hs11	1995163	2001470	hs11	2132538	2161209
hs11	1995163	2001470	hs11	2129112	2141238
hs11	2129112	2141238	hs11	2140501	2148666
hs11	2129112	2141238	hs11	2132538	2161209
hs15	88877288	88895626	hs15	88898683	88913411
hs16	176680	177522	hs16	172847	173710
hs6	134960378	135103056	hs6	151404763	151452181
hs12	122701293	122703343	hs12	122714756	122716892
hs6	31400702	31477506	hs6	32840717	32844703
hs6	31400702	31477506	hs6	32845209	32853978
hs6	32840717	32844703	hs6	32845209	32853978
hs5	141620876	141636870	hs5	53560633	53683340
hs1	149842188	149842736	hs1	149842204	149886652
hs6	26124145	26139116	hs6	27125897	27132750
hs6	27146418	27146798	hs6	36854827	36875024
hs6	27824108	27824480	hs6	27831216	27831527
hs6	33075926	33087201	hs6	32552990	32589848
hs6	33075926	33087201	hs6	32628179	32647062
hs6	33075926	33087201	hs6	32439842	32445046
hs6	33064569	33080775	hs6	32628179	32647062
hs6	33064569	33080775	hs6	32552990	32589848
hs6	33064569	33080775	hs6	32439842	32445046
hs6	33064569	33080775	hs6	33075926	33087201
hs6	32628179	32647062	hs6	32659467	32668383
hs6	32628179	32647062	hs6	32552990	32589848
hs6	32552990	32589848	hs6	32517343	32530287
hs6	32659467	32668383	hs6	32517343	32530287
hs6	32659467	32668383	hs6	32552990	32589848
hs6	32741342	32747215	hs6	32659467	32668383
hs6	32741342	32747215	hs6	32756098	32763534
hs6	32741342	32747215	hs6	32552713	32560022
hs6	32756098	32763534	hs6	32552713	32560022
hs6	32517343	32530287	hs6	32552713	32560022
hs11	95165513	95232541	hs11	118359585	118399211
hs19	19192229	19201869	hs19	507497	519654
hs11	86441108	86672636	hs11	86791059	86952910
hs7	27100354	27102811	hs7	27153716	27157936
hs7	27100354	27102811	hs7	20134655	20217404
hs7	27100354	27102811	hs7	27106184	27152581
hs7	27100354	27102811	hs7	27141052	27143668
hs7	27100354	27102811	hs7	27128507	27130799
hs7	27153716	27157936	hs7	27162435	27175180
hs7	27106184	27152581	hs7	27128507	27130799
hs7	27106184	27152581	hs7	27141052	27143668
hs7	27141052	27143668	hs7	27153716	27157936
hs7	27141052	27143668	hs7	27145396	27150603
hs7	27128507	27130799	hs7	27153716	27157936
hs7	27128507	27130799	hs7	27141052	27143668
hs17	48540894	48544989	hs17	48575513	48580111
hs17	48540894	48544989	hs17	48548870	48604912
hs17	48548870	48604912	hs17	48575513	48580111
hs17	48591257	48593961	hs17	48595751	48604992
hs17	48595751	48604992	hs17	48607227	48633572
hs12	53973126	53977643	hs12	53938765	53946544
hs2	176108790	176119942	hs2	176122720	176124937
hs6	31815464	31817946	hs6	31827735	31830255
hs1	21822245	21937297	hs1	21812265	21825221
hs20	31605283	31606515	hs20	64047582	64049641
hs18	47152998	47176374	hs18	24426616	24453535
hs1	27666061	27672218	hs1	1001138	1014541
hs12	112938352	112973249	hs12	121019111	121039242
hs11	313506	315272	hs11	319669	327537
hs11	2140501	2148666	hs11	2132538	2161209
hs5	140125935	140129392	hs5	40714475	40755975
hs1	159927039	159945604	hs1	156061160	156070514
hs13	28138506	28295335	hs13	19823482	19863636
hs3	49724294	49786542	hs3	14947584	15053600
hs14	24180219	24188964	hs14	22920511	22929585
hs17	47649476	47685505	hs17	42567068	42573239
hs17	47649476	47685505	hs17	42287547	42311943
hs1	45694324	45750650	hs1	9943428	9985501
hs1	45694324	45750650	hs1	109062486	109076002
hs1	45694324	45750650	hs1	28329002	28335967
hs3	167683298	167734939	hs3	167735243	167825568
hs16	54283304	54286763	hs16	54930862	54934485
hs7	140177261	140179640	hs7	140084746	140177035
hs11	106051098	106077765	hs11	130226677	130314686
hs17	75032575	75065889	hs17	47823272	47831534
hs17	75032575	75065889	hs17	1650629	1684882
hs14	58427385	58551289	hs14	91965991	92040896
hs8	12945642	13031503	hs8	95133804	95156684
hs1	173714941	173786702	hs1	198156963	198322420
hs2	238138722	238152947	hs2	27130756	27134675
hs9	21329671	21335380	hs9	19049395	19050983
hs19	50943303	50953093	hs19	50958631	50969673
hs12	52446651	52452126	hs12	52468516	52473785
hs12	52285913	52291534	hs12	52249300	52309163
hsX	65512582	65534775	hsX	48897912	48903143
hs9	136738167	136743356	hs9	136744011	136748528
hs1	161159450	161165723	hs1	27959462	27968096
hs11	33076149	33079454	hs11	33039417	33105943
hs1	183636085	183928531	hs1	155195588	155209051
hs14	24311450	24318036	hs14	24305734	24312053
hs3	158645822	158672693	hs3	158696892	158732696
hsX	52184823	52192268	hsX	52061827	52069248
hs2	209424058	209734118	hs2	158456964	158682879
hs15	66386817	66492312	hs15	90265659	90278141
hs22	21754500	21867680	hs22	44702233	44862706
hs13	48053323	48095131	hs13	41061274	41084006
hs13	48053323	48095131	hs13	48037567	48047222
hs2	66433452	66573869	hs2	196133566	196176503
hs1	40691570	40771603	hs1	41027200	41242154
hs1	19596977	19629821	hs1	7954291	7985505
hs11	19054455	19060681	hs11	60088261	60098466
hs7	42932200	42948958	hs7	141738321	141787922
hs17	38297023	38323218	hs17	36486629	36499310
hs15	88467453	88480773	hs15	40844018	40858207
hs4	83455932	83469735	hs4	8436140	8493531
hs1	150293720	150308979	hs1	205712819	205750276
hs21	34073224	34143034	hs21	34073570	34106260
hs2	105037983	105099960	hs2	187464230	187565760
hs9	35752990	35756613	hs9	35749287	35758575
hs17	18327860	18363563	hs17	7281667	7288257
hs12	106977291	106987166	hs12	106955719	106978778
hs1	173931214	174022297	hs1	37474552	37484379
hs19	57681969	57717301	hs19	57719751	57727624
hs17	4538897	4555631	hs17	4669774	4704337
hs17	4669774	4704337	hs17	38181659	38192541
hs3	169772831	169789716	hs3	49359145	49412998
hs17	29073517	29180412	hs17	29073521	29078857
hs13	32586427	32778019	hs13	79311824	79406477
hs2	131464900	131492743	hs2	130181737	130190729
hs1	146064699	146144942	hs1	148102046	148152322
hs1	146064699	146144942	hs1	148531385	148679751
hs1	146064699	146144942	hs1	149054027	149103561
hs1	148102046	148152322	hs1	144421386	144461674
hs1	148102046	148152322	hs1	149054027	149103561
hs1	148102046	148152322	hs1	148531385	148679751
hs1	148531385	148679751	hs1	144421386	144461674
hs1	148531385	148679751	hs1	149054027	149103561
hs1	149054027	149103561	hs1	100133150	100150497
hs1	144421386	144461674	hs1	149054027	149103561
hs3	196935402	196942597	hs3	196639775	196736007
hs13	79481124	79556075	hs13	48037567	48047222
hs3	49020459	49023495	hs3	49689499	49721529
hs2	96497643	96508109	hs2	159932006	160062610
hs17	51153590	51171744	hs17	51165435	51171747
hs16	14833681	14896160	hs16	16232495	16294814
hs16	14833681	14896160	hs16	18417325	18562211
hs16	18417325	18562211	hs16	16232495	16294814
hs15	68930525	69062743	hs15	68818221	68946811
hs16	21834569	21880827	hs16	22479121	22536521
hs7	75410322	75416787	hs7	72947581	72954790
hs9	133406059	133418096	hs9	133328774	133336398
hs8	30774457	30814314	hs8	96225920	96235634
hs9	135546139	135549969	hs9	133205277	133209250
hs1	247895587	247896531	hs1	247857199	247878205
hs17	3672199	3696404	hs17	3662896	3668682
hs11	405716	417455	hs11	1274371	1309654
hs4	78887127	78939438	hs4	107824563	107915047
hs1	226360691	226408079	hs1	44800225	44805990
hs2	113215997	113278950	hs2	113211522	113276581
hs5	141412987	141512979	hs5	141390157	141512979
hs5	141412987	141512979	hs5	141421047	141512979
hs5	141412987	141512979	hs5	141382739	141512979
hs5	141412987	141512979	hs5	141350102	141512979
hs5	141390157	141512979	hs5	141408021	141512979
hs5	141390157	141512979	hs5	141397987	141512979
hs5	141390157	141512979	hs5	141370264	141512979
hs5	141390157	141512979	hs5	141350102	141512979
hs5	141390157	141512979	hs5	141489121	141512979
hs5	141390157	141512979	hs5	141387698	141512979
hs5	141390157	141512979	hs5	141475947	141512979
hs5	141390157	141512979	hs5	141484997	141512979
hs5	141382739	141512979	hs5	141408021	141512979
hs5	141382739	141512979	hs5	141484997	141512979
hs5	141382739	141512979	hs5	141397987	141512979
hs5	141382739	141512979	hs5	141475947	141512979
hs5	141382739	141512979	hs5	141489121	141512979
hs5	141382739	141512979	hs5	141387698	141512979
hs5	141382739	141512979	hs5	141350102	141512979
hs5	141382739	141512979	hs5	141390157	141512979
hs5	141350102	141512979	hs5	141360042	141512979
hs5	141350102	141512979	hs5	141489121	141512979
hs5	141350102	141512979	hs5	141387698	141512979
hs5	141350102	141512979	hs5	141484997	141512979
hs5	141350102	141512979	hs5	141475947	141512979
hs5	141330571	141512981	hs5	141430589	141512979
hs5	141330571	141512981	hs5	141370264	141512979
hs5	141330571	141512981	hs5	141360042	141512979
hs5	141330571	141512981	hs5	141355025	141512979
hs5	141330571	141512981	hs5	141343829	141512979
hs5	141330571	141512981	hs5	141364232	141512979
hs5	141330571	141512981	hs5	141475947	141512979
hs5	141330571	141512981	hs5	141489121	141512979
hs5	141330571	141512981	hs5	141421047	141512979
hs5	141330571	141512981	hs5	141382739	141512979
hs5	141330571	141512981	hs5	141350102	141512979
hs5	141330571	141512981	hs5	141484997	141512979
hs5	141330571	141512981	hs5	141390157	141512979
hs5	141430589	141512979	hs5	141364232	141512979
hs5	141430589	141512979	hs5	141475947	141512979
hs5	141430589	141512979	hs5	141484997	141512979
hs5	141370264	141512979	hs5	141489121	141512979
hs5	141370264	141512979	hs5	141475947	141512979
hs5	141360042	141512979	hs5	141489121	141512979
hs5	141360042	141512979	hs5	141484997	141512979
hs5	141355025	141512979	hs5	141475947	141512979
hs5	141355025	141512979	hs5	141390157	141512979
hs5	141355025	141512979	hs5	141489121	141512979
hs5	141355025	141512979	hs5	141484997	141512979
hs5	141355025	141512979	hs5	141382739	141512979
hs5	141355025	141512979	hs5	141364232	141512979
hs5	141343829	141512979	hs5	141373914	141512979
hs5	141343829	141512979	hs5	141489121	141512979
hs5	141343829	141512979	hs5	141475947	141512979
hs5	141343829	141512979	hs5	141360042	141512979
hs5	141343829	141512979	hs5	141382739	141512979
hs5	141343829	141512979	hs5	141484997	141512979
hs5	141343829	141512979	hs5	141355025	141512979
hs5	141343829	141512979	hs5	141364232	141512979
hs5	141364232	141512979	hs5	141489121	141512979
hs5	141364232	141512979	hs5	141387698	141512979
hs5	141364232	141512979	hs5	141475947	141512979
hs5	141364232	141512979	hs5	141390157	141512979
hs5	141364232	141512979	hs5	141360042	141512979
hs5	141364232	141512979	hs5	141484997	141512979
hs5	141364232	141512979	hs5	141382739	141512979
hs5	141484997	141512979	hs5	141489121	141512979
hs5	141417645	141512979	hs5	141489121	141512979
hs5	141417645	141512979	hs5	141475947	141512979
hs5	141417645	141512979	hs5	141484997	141512979
hs5	141408021	141512979	hs5	141489121	141512979
hs5	141408021	141512979	hs5	141484997	141512979
hs5	141373914	141512979	hs5	141489121	141512979
hs5	141373914	141512979	hs5	141475947	141512979
hs5	141338760	141512979	hs5	141343829	141512979
hs5	141338760	141512979	hs5	141475947	141512979
hs5	141338760	141512979	hs5	141489121	141512979
hs5	141338760	141512979	hs5	141484997	141512979
hs5	141338760	141512979	hs5	141364232	141512979
hs5	141402932	141512979	hs5	141475947	141512979
hs6	149749443	149811420	hs6	70667776	70862015
hs4	139453232	139476609	hs4	140257286	140385726
hs2	228850526	229271285	hs2	171784370	171999859
hs2	228850526	229271285	hs2	187464230	187565760
hs19	56810083	56840728	hs19	56774552	56840729
hs20	45174876	45176544	hs20	45252239	45254564
hs13	72782059	73016461	hs13	19823482	19863636
hs2	46580937	46617119	hs2	46541806	46583121
hs1	201283452	201332993	hs1	153606886	153613145
hs14	67533301	67589612	hs14	67447084	67533739
hs19	2230084	2237704	hs19	34428352	34471251
hs22	20115938	20127357	hs22	41301522	41360147
hs11	62761544	62766710	hs11	67056818	67072013
hs7	102665368	102671629	hs7	102573807	102616757
hs7	102665368	102671629	hs7	102537918	102572656
hs7	102665368	102671629	hs7	102637025	102642791
hs7	102573807	102616757	hs7	102637025	102642791
hs7	102537918	102572656	hs7	102573807	102616757
hs7	102537918	102572656	hs7	102637025	102642791
hs7	72879365	72951440	hs7	75416787	75486271
hs7	76609986	76627261	hs7	76397518	76442071
hs8	23270120	23296279	hs8	489792	545781
hs9	125146573	125189939	hs9	136807943	136957733
hs22	50343304	50445090	hs22	50445000	50475024
hs18	79902420	79951664	hs18	32018372	32073213
hs11	57386794	57390657	hs11	57406954	57427580
hs11	60890730	60906588	hs11	60913874	60923443
hs16	31083425	31089628	hs16	31090842	31095980
hs6	32844136	32859585	hs6	32845209	32853978
hs11	236546	252984	hs11	215458	236931
hs5	132822141	132830898	hs5	132813587	132816797
hs19	38374536	38383824	hs19	38878555	38899862
hs12	107685732	107713167	hs12	71663009	71680639
hs9	136206333	136245841	hs9	19049395	19050983
hs7	103352730	103446177	hs7	98846488	98870771
hs11	65653596	65663094	hs11	64764606	64778786
hs2	106391290	106468376	hs2	109792758	109857695
hs2	109792758	109857695	hs2	112370092	112434488
hs2	109792758	109857695	hs2	110513812	110577185
hs2	110513812	110577185	hs2	112370092	112434488
hs12	121777754	121803403	hs12	121712752	121783001
hs22	18605815	18611919	hs22	21545357	21551461
hs11	66330242	66336840	hs11	68039016	68050895
hs6	33208495	33212722	hs6	30184455	30213427
hs3	196468783	196503768	hs3	156673235	156706770
hs16	2253116	2268412	hs16	2771414	2777297
hs7	33094797	33109401	hs7	32916815	32943176
hs9	15422704	15465953	hs9	136881912	136926607
hs19	41859918	41872926	hs19	58386400	58394806
hs17	38847865	38853843	hs17	74203582	74210655
hs19	5674947	5691876	hs19	41859918	41872926
hs1	153390032	153391188	hs1	153357854	153361027
hs11	65040901	65044828	hs11	75562056	75572783
hs17	28364356	28404049	hs17	28394756	28407197
hs19	37551406	37614097	hs19	57527325	57557542
hs19	37551406	37614097	hs19	40069152	40090938
hs5	70900665	70918530	hs5	70049612	70078522
hs19	24033405	24129961	hs19	23304991	23395560
hs1	1724838	1745992	hs1	1659529	1692728
hs5	61157709	61162474	hs5	115613508	115632992
hs5	70925030	70953942	hs5	70049612	70078522
hs6	109440763	109443919	hs6	42744481	42746096
hs7	102551232	102562308	hs7	72862757	72870510
hs7	102551232	102562308	hs7	102347206	102356444
hs7	102347206	102356444	hs7	72862757	72870510
hs7	75493625	75504304	hs7	102347206	102356444
hs2	138501801	138573547	hs2	152116801	152175992
hs19	12429707	12441112	hs19	12390016	12401271
hs20	62143795	62182484	hs20	61953469	62065810
hs2	48529383	48598513	hs2	48529925	48776517
hs17	37978470	38068592	hs17	36377531	36388423
hsX	103628704	103630953	hsX	103576231	103587736
hs17	75979220	76000586	hs17	75979231	76005999
hs4	38790677	38856817	hs4	38823715	38856817
hs3	52221080	52226163	hs3	52228610	52239260
hs3	149318498	149334414	hs3	172505508	172523507
hs7	150800403	150805120	hs7	150791285	150801360
hs20	50081124	50153637	hs20	50081124	50115959
hs19	52031379	52095738	hs19	43912629	43935278
hs19	52031379	52095738	hs19	52297177	52325922
hs6	33250272	33272047	hs6	43511827	43516990
hs11	5619764	5644398	hs11	5596725	5644398
hsX	73792205	73829231	hsX	73820651	73852753
hs7	66995173	67239519	hs7	72558744	72828198
hs2	233760248	233773299	hs2	233636454	233773305
hs6	149964007	149973710	hs6	150063150	150069095
hs15	32406597	32434992	hs15	30103720	30131757
hs19	57527325	57557542	hs19	36916329	36998700
hs19	44228729	44305046	hs19	51991332	52008230
hs19	44228729	44305046	hs19	52336245	52367778
hs19	36383120	36418656	hs19	57527325	57557542
hs19	36383120	36418656	hs19	44002948	44013926
hs19	44326555	44367217	hs19	44051367	44067991
hs19	44326555	44367217	hs19	44207547	44237268
hs19	44326555	44367217	hs19	57527325	57557542
hs19	44326555	44367217	hs19	44112181	44134816
hs19	44051367	44067991	hs19	44072144	44089613
hs19	44051367	44067991	hs19	44112181	44134816
hs19	36214602	36238774	hs19	52269571	52296046
hs19	57697367	57709194	hs19	57719751	57727624
hs19	57411163	57421939	hs19	44112181	44134816
hs19	44072144	44089613	hs19	52113091	52139922
hs19	21932958	22010949	hs19	22179091	22196951
hs19	57630395	57642779	hs19	58228594	58277495
hs19	36916329	36998700	hs19	37696363	37719790
hs19	36916329	36998700	hs19	52336245	52367778
hs19	44417519	44448578	hs19	44382298	44401608
hs19	57351307	57359898	hs19	57527325	57557542
hs19	44259880	44275317	hs19	44228729	44305046
hs19	36510695	36528660	hs19	37696363	37719790
hs19	57191500	57222846	hs19	57240685	57255135
hs19	34677639	34686397	hs19	40069152	40090938
hs19	51964343	51986856	hs19	52113091	52139922
hs19	57571566	57578927	hs19	57681969	57717301
hs19	57921884	57935393	hs19	57719751	57727624
hs19	57487711	57496097	hs19	57599885	57612722
hs19	36637192	36666853	hs19	36445119	36489902
hs19	57363477	57379565	hs19	37696363	37719790
hs19	57803841	57814913	hs19	57849857	57865112
hs14	23953586	23969279	hs14	23969874	24006408
hs10	87094161	87191468	hs10	46610474	46652025
hs15	20562375	20575696	hs15	28519611	28533014
hs15	20562375	20575696	hs15	23157366	23170711
