hs2	120124497	120130126	hs2	209100951	209130798
hs19	49298319	49314286	hs19	41884215	41930910
hs16	75145758	75150669	hs16	21963981	21994981
hs17	35441923	35766909	hs17	79858841	79869340
hs17	35441923	35766909	hs17	40023161	40086795
hs17	35441923	35766909	hs17	30469473	30580393
hs17	35441923	35766909	hs17	80036214	80056208
hs2	219128850	219134980	hs2	220143989	220151622
hs2	219128850	219134980	hs2	27604061	27632554
hs9	139756571	139760738	hs9	132371163	132398209
hs11	65729160	65747299	hs11	57067112	57092426
hs11	65729160	65747299	hs11	62443970	62446567
hs13	51928213	52028400	hs13	28712643	28869475
hs13	51928213	52028400	hs13	20397622	20437776
hs9	101569981	101612363	hs9	36036430	36124448
hs3	98239976	98312567	hs3	179065480	179112719
hs9	114393666	114432509	hs9	79000433	79009433
hs9	114393666	114432509	hs9	114423615	114432526
hs8	20103676	20161474	hs8	120177273	120257913
hs1	19197926	19229275	hs1	144836157	145076186
hs3	179322478	179345435	hs3	176737143	176915261
hs3	179322478	179345435	hs3	98451080	98540045
hs1	53662101	53679869	hs1	220267444	220321380
hs1	53662101	53679869	hs1	54649714	54691137
hs14	69658228	69709075	hs14	96967770	97033448
hs1	111991486	112005395	hs1	17345217	17380665
hs1	111991486	112005395	hs1	53662101	53679869
hs1	111991486	112005395	hs1	54649714	54691137
hs1	60280458	60342050	hs1	153579362	153585621
hs1	60280458	60342050	hs1	161040785	161059389
hs1	60280458	60342050	hs1	201342372	201368736
hs1	60280458	60342050	hs1	156030951	156040295
hs12	58162254	58166576	hs12	131356424	131362223
hs10	103892787	103910082	hs10	99116115	99161127
hs2	68384976	68403370	hs2	29117509	29171088
hs10	70715884	70744829	hs10	103911933	103923627
hs10	70715884	70744829	hs10	103892787	103910082
hs3	39183346	39196053	hs3	185633694	185655924
hs3	39183346	39196053	hs3	52082935	52090566
hs3	39183346	39196053	hs3	156391024	156424559
hs1	55222571	55230187	hs1	45805342	45809647
hs1	55222571	55230187	hs1	55532032	55680786
hs1	55222571	55230187	hs1	28285973	28294607
hs1	55222571	55230187	hs1	45265897	45271662
hs18	29671818	29711524	hs18	9334765	9402418
hs1	45265897	45271662	hs1	9599541	9645237
hs1	45265897	45271662	hs1	45805342	45809647
hs1	45265897	45271662	hs1	204372515	204380919
hs17	27887565	27894155	hs17	48172101	48189516
hs17	27887565	27894155	hs17	73034958	73043080
hs17	48172101	48189516	hs17	7184986	7191576
hs2	242498136	242513546	hs2	216861052	216947678
hs2	42275160	42285668	hs2	64068074	64118696
hs2	42275160	42285668	hs2	202252581	202345569
hs1	227085237	227175246	hs1	60280458	60342050
hs1	227085237	227175246	hs1	47098409	47139539
hs1	227085237	227175246	hs1	173446405	173457946
hs1	227085237	227175246	hs1	220960101	220987735
hs1	227085237	227175246	hs1	212458879	212535200
hs1	227085237	227175246	hs1	161040785	161059389
hs3	9799026	9811676	hs3	81538850	81811312
hs4	1003724	1020685	hs4	108910870	108956331
hs14	64854749	64926722	hs14	68113792	68141548
hs11	14665269	14892350	hs11	111473115	111601577
hs9	32384618	32454767	hs9	139567595	139581875
hs19	1876809	1885546	hs19	1905377	1913444
hs19	1876809	1885546	hs19	2328614	2355099
hs19	1876809	1885546	hs19	1941188	1981337
hs19	1876809	1885546	hs19	10943114	10946994
hs19	1876809	1885546	hs19	48972289	48985571
hs19	1876809	1885546	hs19	18529674	18545372
hs19	1876809	1885546	hs19	507299	519654
hs20	62152077	62153559	hs20	34541539	34547394
hs20	62152077	62153559	hs20	48697661	48732496
hs19	48972289	48985571	hs19	13254872	13261197
hs19	48972289	48985571	hs19	42572629	42585701
hs11	65657875	65659105	hs11	6340176	6341877
hs11	63742079	63744015	hs11	65729160	65747299
hs19	10683347	10697991	hs19	8478154	8503901
hs19	10683347	10697991	hs19	45281126	45303891
hs19	10683347	10697991	hs19	35606732	35615228
hs19	10683347	10697991	hs19	3708107	3750811
hs19	10683347	10697991	hs19	7660788	7683190
hs17	47287589	47300587	hs17	4613784	4624794
hs9	133589333	133763062	hs9	130965658	131017527
hs9	130965658	131017527	hs9	101569981	101612363
hs5	159774758	159797648	hs5	82767284	82878122
hs5	159774758	159797648	hs5	179727690	179780387
hs5	159774758	159797648	hs5	176883609	176901402
hs3	38144620	38178733	hs3	38048987	38071253
hs20	54967427	54979518	hs20	61826781	61847586
hs4	159593277	159630775	hs4	152330368	152584784
hs3	182733006	182833863	hs3	135969148	136056738
hs12	109554400	109706031	hs12	56114151	56118489
hs12	109554400	109706031	hs12	112204691	112247782
hs15	83509838	83654661	hs15	42705021	42783321
hs5	43289497	43313614	hs5	6599352	6633404
hs5	72251808	72386349	hs5	132332677	132362296
hs3	42846244	42929466	hs3	42897497	42917633
hs5	176883609	176901402	hs5	179727690	179780387
hs12	14978503	14996429	hs12	57388230	57390468
hs3	42897497	42917633	hs3	45016733	45077558
hs11	125825691	125933230	hs11	7506619	7532608
hs11	125825691	125933230	hs11	120081475	120101041
hs1	150521884	150533413	hs1	53527854	53551174
hs1	150521884	150533413	hs1	208057594	208084747
hs12	7187513	7245203	hs12	7096351	7178336
hs1	155165379	155178842	hs1	162531323	162569627
hs20	48120411	48184683	hs20	43343485	43357150
hs19	48824766	48833810	hs19	41098789	41135725
hs19	48824766	48833810	hs19	55999771	56030465
hs3	45043040	45077563	hs3	13573824	13679922
hs15	77336359	77376326	hs15	41849873	41871536
hs1	47098409	47139539	hs1	244816237	244872335
hs1	47098409	47139539	hs1	234040679	234460262
hs1	47098409	47139539	hs1	236958610	237067281
hs1	47098409	47139539	hs1	17345217	17380665
hs1	47098409	47139539	hs1	100652475	100715390
hs1	47098409	47139539	hs1	36921319	36930038
hs1	47098409	47139539	hs1	28261504	28285668
hs19	41884215	41930910	hs19	10444452	10450499
hs19	41884215	41930910	hs19	13001840	13025021
hs1	17345217	17380665	hs1	46769303	46782448
hs9	139834887	139839148	hs9	138391830	138396519
hs8	145149930	145152428	hs8	145539954	145550573
hs12	57031959	57039798	hs12	98987369	98995946
hs12	57031959	57039798	hs12	56665483	56694176
hs1	100652475	100715390	hs1	17345217	17380665
hs1	100652475	100715390	hs1	24128375	24165110
hs19	34850385	34893061	hs19	48835613	48867494
hs19	49471382	49496567	hs19	29698173	29704448
hs14	74003818	74010498	hs14	68113792	68141548
hs14	74003818	74010498	hs14	74034324	74042357
hs14	74034324	74042357	hs14	68113792	68141548
hs14	74034324	74042357	hs14	105714827	105717430
hs14	105714827	105717430	hs14	52292913	52446060
hs14	105714827	105717430	hs14	105766900	105864484
hs14	105714827	105717430	hs14	38059189	38069245
hs14	105714827	105717430	hs14	68113792	68141548
hs19	11685475	11689823	hs19	18283972	18288927
hs1	24171567	24194784	hs1	6051526	6161253
hs1	24171567	24194784	hs1	182758428	182799519
hs19	18283972	18288927	hs19	18263928	18281350
hs19	39138289	39222223	hs19	39220827	39260544
hs10	104238986	104262482	hs10	94211441	94333833
hs1	162601163	162757190	hs1	6281253	6296032
hs1	162601163	162757190	hs1	155579979	155718153
hs1	162601163	162757190	hs1	114471814	114520426
hs3	47324407	47388306	hs3	57542003	57552571
hs3	38495342	38534633	hs3	44481262	44519162
hs3	38495342	38534633	hs3	40566369	40616176
hs3	38495342	38534633	hs3	150126122	150184218
hs3	44481262	44519162	hs3	40566369	40616176
hs8	12940870	13373167	hs8	103661007	103668130
hs8	12940870	13373167	hs8	144718183	144735900
hs8	12940870	13373167	hs8	33405273	33424643
hs19	52839498	52871031	hs19	52616344	52643175
hs19	19976695	20005483	hs19	21987752	22034927
hs19	19976695	20005483	hs19	32836500	32878573
hs19	57050317	57068169	hs19	58038693	58068910
hs19	57050317	57068169	hs19	52494585	52511483
hs10	102672326	102724893	hs10	106071894	106098162
hs5	98190908	98262240	hs5	112196919	112205485
hs5	98190908	98262240	hs5	133530025	133561833
hs3	150126122	150184218	hs3	40566369	40616176
hs1	27719148	27722318	hs1	45265897	45271662
hs16	89762751	89768113	hs16	3068446	3072384
hs10	99092255	99094458	hs10	855484	977564
hs19	36827162	36870101	hs19	40575059	40596845
hs19	36827162	36870101	hs19	36874022	36909558
hs19	36827162	36870101	hs19	38042308	38104998
hs19	11200038	11244492	hs19	36936021	36980804
hs6	42712219	42714558	hs6	27418522	27440897
hs6	11183531	11382581	hs6	42712219	42714558
hs6	11183531	11382581	hs6	3722848	3752260
hs19	52494585	52511483	hs19	52616344	52643175
hs19	38104650	38183238	hs19	37902057	37960177
hs19	38104650	38183238	hs19	38187264	38210691
hs19	38104650	38183238	hs19	36936021	36980804
hs19	44507100	44518078	hs19	57862675	57871266
hs19	44507100	44518078	hs19	52772824	52795977
hs19	44507100	44518078	hs19	58038693	58068910
hs19	44507100	44518078	hs19	36936021	36980804
hs19	44507100	44518078	hs19	52494585	52511483
hs19	44507100	44518078	hs19	38187264	38210691
hs19	38187264	38210691	hs19	52616344	52643175
hs19	38187264	38210691	hs19	52839498	52871031
hs17	8091652	8093564	hs17	73876416	73893084
hs19	36936021	36980804	hs19	52516018	52533493
hs19	36936021	36980804	hs19	21473962	21512227
hs19	36936021	36980804	hs19	52494585	52511483
hs19	36936021	36980804	hs19	37902057	37960177
hs7	87563458	87832204	hs7	82383329	82792246
hs22	24176690	24181315	hs22	42095503	42195460
hs8	22545172	22550815	hs8	126442563	126450647
hs6	36644305	36655116	hs6	37137979	37143202
hs12	52416616	52453291	hs12	133562951	133589154
hs12	52416616	52453291	hs12	49250928	49259681
hs1	161154098	161168846	hs1	45265897	45271662
hs8	103661007	103668130	hs8	33405273	33424643
hs19	30155963	30166364	hs19	40946751	40950612
hs12	49250928	49259681	hs12	7965108	8043744
hs12	49250928	49259681	hs12	8071826	8088871
hs19	40927499	40931932	hs19	40946751	40950612
hs19	1248552	1259142	hs19	54369477	54379691
hs19	1248552	1259142	hs19	36378555	36393205
hs19	1248552	1259142	hs19	40946751	40950612
hs19	1248552	1259142	hs19	40927499	40931932
hs12	7965108	8043744	hs12	8071826	8088871
hs8	33405273	33424643	hs8	49830249	49834299
hs8	33405273	33424643	hs8	74884672	74895018
hs1	150480538	150486265	hs1	1567474	1570639
hs9	18473892	18910948	hs9	101569981	101612363
hs15	25068794	25223870	hs15	25200181	25245423
hs1	161040785	161059389	hs1	156030951	156040295
hs19	51848423	51869672	hs19	19626545	19644285
hs2	63815743	63834331	hs2	46768945	46810260
hs2	63815743	63834331	hs2	64068074	64118696
hs11	124622026	124632186	hs11	124753587	124768396
hs6	32006042	32009447	hs6	32008931	32083111
hs11	62453874	62457371	hs11	89057524	89322779
hs4	113739265	114304896	hs4	8271492	8308838
hs6	86159809	86205500	hs6	32008931	32083111
hs5	180028506	180076624	hs5	92919043	92930321
hs4	100226121	100242558	hs4	100257649	100274184
hsX	153656978	153664862	hsX	67718165	67757127
hs7	131808091	132333447	hs7	75956116	75988348
hs7	131808091	132333447	hs7	65338254	65424550
hs2	85581517	85618875	hs2	64068074	64118696
hs2	85581517	85618875	hs2	9543604	9563676
hs2	85581517	85618875	hs2	232387871	232395206
hs19	37498759	37621216	hs19	42724423	42732353
hs19	37498759	37621216	hs19	52616344	52643175
hs7	98923521	98985787	hs7	99006264	99017239
hs1	112025970	112106584	hs1	182567758	182573543
hs8	134048973	134115298	hs8	49830249	49834299
hs15	73043710	73078187	hs15	51739908	51915030
hs10	112836790	112840658	hs10	112679301	112773425
hs10	112679301	112773425	hs10	88195013	88281572
hs10	112679301	112773425	hs10	38383264	38414472
hs11	67033881	67054027	hs11	95709762	96076344
hs11	129245835	129322171	hs11	64590859	64612041
hs11	129245835	129322171	hs11	34500340	34535352
hs11	129245835	129322171	hs11	45943172	45950647
hs11	129245835	129322171	hs11	61066923	61110068
hs13	110801318	110959496	hs13	110958159	111165374
hs10	30301729	30404423	hs10	72238577	72328205
hs10	116054583	116164515	hs10	98978996	99052413
hs7	150782918	150841523	hs7	6048876	6063465
hs1	196621008	196716634	hs1	71861623	72748417
hs1	196621008	196716634	hs1	196743925	196763203
hs1	196621008	196716634	hs1	196788887	196801319
hs8	141541264	141645718	hs8	28747911	28922281
hs5	167975500	168006605	hs5	133936834	133984961
hs2	37326353	37384208	hs2	203879602	204091101
hs3	187871072	188608460	hs3	114056941	114866118
hs3	187871072	188608460	hs3	196074533	196159345
hs5	96271098	96373219	hs5	167975500	168006605
hs15	85198360	85201794	hs15	77336359	77376326
hs19	11348178	11352619	hs19	33790840	33793470
hs17	41017939	41026386	hs17	53469974	53499353
hs10	71857979	71892690	hs10	97071528	97321171
hs1	222841355	222886552	hs1	231376953	231413719
hs19	19626545	19644285	hs19	10943114	10946994
hs19	19626545	19644285	hs19	9938568	9940791
hs19	19626545	19644285	hs19	7991603	8008805
hs7	65338254	65424550	hs7	75956116	75988348
hs16	88941266	89043612	hs16	49521435	49891830
hs2	36778570	36873230	hs2	64068074	64118696
hs9	112542769	112934792	hs9	112542589	112934792
hs19	15464196	15490609	hs19	40575059	40596845
hs1	39456895	39471731	hs1	19230775	19283180
hs1	39456895	39471731	hs1	156691683	156698591
hs1	39456895	39471731	hs1	89445139	89458643
hs1	39456895	39471731	hs1	115247090	115259515
hs1	39456895	39471731	hs1	45265897	45271662
hs1	19230775	19283180	hs1	23410516	23504301
hs1	19230775	19283180	hs1	45805342	45809647
hs1	19230775	19283180	hs1	45265897	45271662
hs1	89445139	89458643	hs1	37940153	37949980
hs6	43139037	43149243	hs6	28212401	28227011
hs14	52292913	52446060	hs14	93403259	93582665
hs5	149980642	150038782	hs5	150409506	150473138
hs17	12895708	12921504	hs17	4172554	4269923
hs11	111957497	111990353	hs11	63991271	63993726
hs10	126490354	126525239	hs10	855484	977564
hs19	13001840	13025021	hs19	19626545	19644285
hs19	13001840	13025021	hs19	10444452	10450499
hs16	30064411	30081778	hs16	89762751	89768113
hs9	101978708	101984238	hs9	104149915	104160896
hs1	235294498	235324772	hs1	1152288	1167411
hs12	123464607	123467456	hs12	112451120	112461255
hs12	123464607	123467456	hs12	123899936	123921264
hs11	77811982	77850706	hs11	77779350	77791265
hs11	77811982	77850706	hs11	118967213	118979041
hs17	18086392	18113268	hs17	36921942	36956379
hs17	18086392	18113268	hs17	21100593	21117937
hs17	18086392	18113268	hs17	17942606	17971718
hs17	18086392	18113268	hs17	7348380	7361026
hs17	7348380	7361026	hs17	21100593	21117937
hs17	7348380	7361026	hs17	17942606	17971718
hs4	152330368	152584784	hs4	152023903	152246784
hs4	152330368	152584784	hs4	141541919	141677274
hs19	6372444	6375042	hs19	2328614	2355099
hs16	30003645	30007757	hs16	30773066	30787628
hs16	30003645	30007757	hs16	31044210	31054296
hs16	30003645	30007757	hs16	29817427	29823649
hs16	2570358	2581423	hs16	2577081	2581420
hs12	47469490	47473734	hs12	47473386	47630443
hs1	160246602	160256138	hs1	87170259	87213867
hs13	39612443	39624246	hs13	48510622	48612125
hs21	27088815	27107984	hs21	34931848	34961014
hs21	27088815	27107984	hs21	33031935	33041244
hs21	27088815	27107984	hs21	45553487	45565605
hs21	27088815	27107984	hs21	35275757	35288284
hs14	21152336	21167130	hs14	21152259	21168761
hs12	54378849	54384063	hs12	54332535	54340328
hs12	54378849	54384063	hs12	54366910	54371427
hs1	20878932	20881512	hs1	1567474	1570639
hs17	9813926	10101868	hs17	37219556	37310647
hs19	49932658	49945617	hs19	55999771	56030465
hs17	48770551	48785285	hs17	21100593	21117937
hs17	48770551	48785285	hs17	37894180	37903544
hs17	48770551	48785285	hs17	4901243	4931696
hs17	48770551	48785285	hs17	57970447	58027925
hs5	139781399	139929163	hs5	139781493	139929154
hs16	89334038	89556969	hs16	72127461	72146811
hs16	72127461	72146811	hs16	69345259	69358949
hs9	43064966	43133544	hs9	69381812	69425560
hs3	15708743	15901278	hs3	25215823	25639423
hs2	97779233	97930258	hs2	98108978	98206428
hs14	75548822	75594047	hs14	39501123	39578850
hs2	231921578	232037541	hs2	162164549	162268228
hs2	231921578	232037541	hs2	96850597	96874563
hsX	7137497	7272851	hsX	118708501	118718381
hs7	72854728	72936608	hs7	73097355	73119491
hs7	72854728	72936608	hs7	99690351	99699563
hs7	72854728	72936608	hs7	99686577	99689823
hs2	69871557	70053596	hs2	73300510	73383849
hs2	69871557	70053596	hs2	110300559	110371783
hs2	110300559	110371783	hs2	110371911	110376563
hs1	111682249	111727724	hs1	111659955	111682838
hs10	48255253	48279200	hs10	47157983	47174093
hs17	41003201	41010147	hs17	41017939	41026386
hs14	24028774	24037279	hs14	21457929	21465189
hs19	16308389	16346160	hs19	10683347	10697991
hs1	6484848	6521430	hs1	156030951	156040295
hs21	31586324	31588391	hs21	42836478	42903043
hs21	31586324	31588391	hs21	43159529	43187266
hs6	7541808	7586950	hs6	10393419	10419892
hs21	18884700	18965897	hs21	42836478	42903043
hs21	18884700	18965897	hs21	43159529	43187266
hs19	35606732	35615228	hs19	3708107	3750811
hs21	43159529	43187266	hs21	42836478	42903043
hs20	17937623	18039832	hs20	60985293	61002589
hs11	34642640	34682604	hs11	45943172	45950647
hs1	201342372	201368736	hs1	161040785	161059389
hs1	201342372	201368736	hs1	32042116	32053288
hs1	201342372	201368736	hs1	59041099	59043166
hs1	201342372	201368736	hs1	156030951	156040295
hs1	151482986	151511168	hs1	60280458	60342050
hs1	151482986	151511168	hs1	201342372	201368736
hs1	151482986	151511168	hs1	161040785	161059389
hs1	151482986	151511168	hs1	156030951	156040295
hs1	27705666	27709870	hs1	201342372	201368736
hs1	27705666	27709870	hs1	117686209	117753556
hs1	27705666	27709870	hs1	43735665	43739673
hs1	27705666	27709870	hs1	151482986	151511168
hs1	27705666	27709870	hs1	156030951	156040295
hs11	45943172	45950647	hs11	102267063	102341115
hs11	369796	382116	hs11	45943172	45950647
hs11	369796	382116	hs11	64590859	64612041
hs16	68771128	68869451	hs16	67233014	67237932
hs11	64590859	64612041	hs11	34642640	34682604
hs11	64590859	64612041	hs11	45943172	45950647
hs15	41136216	41150405	hs15	42705021	42783321
hs19	7660788	7683190	hs19	45281126	45303891
hs19	7660788	7683190	hs19	35606732	35615228
hs19	7660788	7683190	hs19	3708107	3750811
hs8	95653302	95719694	hs8	102504660	102681954
hs1	156030951	156040295	hs1	28261504	28285668
hs1	156030951	156040295	hs1	43735665	43739673
hs19	50270225	50310370	hs19	39109735	39127595
hs19	50270225	50310370	hs19	1383526	1395583
hs1	156711899	156736717	hs1	154916552	154928599
hs1	156711899	156736717	hs1	149909705	149982625
hs1	156711899	156736717	hs1	154897210	154909467
hs17	45900638	45908900	hs17	48172101	48189516
hs17	45900638	45908900	hs17	74035184	74068734
hs17	42927311	42977030	hs17	45900638	45908900
hs1	149909705	149982625	hs1	154897210	154909467
hs20	56884752	56942563	hs20	48697661	48732496
hs20	56884752	56942563	hs20	56964178	57026157
hs6	170599791	170716153	hs6	161412759	161538417
hs3	49711435	49721396	hs3	48636435	48648409
hs11	64008475	64011604	hs11	62379194	62382592
hs11	64008475	64011604	hs11	62443970	62446567
hs11	64008475	64011604	hs11	65729160	65747299
hs20	17594323	17662940	hs20	62338817	62367494
hs19	45417504	45422606	hs19	45409011	45412650
hs20	25176329	25207365	hs20	25228705	25278650
hs19	41082757	41097305	hs19	19386827	19431653
hsX	47420516	47431307	hsX	129535943	129547317
hs19	19386827	19431653	hs19	7991603	8008805
hs19	13254872	13261197	hs19	10943114	10946994
hs19	13254872	13261197	hs19	19386827	19431653
hs19	13064972	13068050	hs19	54658899	54663620
hs19	13064972	13068050	hs19	12777614	12786646
hs19	13064972	13068050	hs19	10943114	10946994
hs19	13064972	13068050	hs19	39421188	39423802
hs19	13064972	13068050	hs19	19386827	19431653
hs19	13064972	13068050	hs19	10663761	10676713
hs19	13064972	13068050	hs19	5587010	5624057
hs19	13064972	13068050	hs19	7991603	8008805
hs19	13064972	13068050	hs19	9945933	9960358
hs19	13064972	13068050	hs19	13254872	13261197
hs19	7991603	8008805	hs19	10943114	10946994
hs7	99006264	99017239	hs7	73645829	73668774
hs7	99006264	99017239	hs7	73097355	73119491
hs7	99006264	99017239	hs7	96110938	96339203
hs19	10663761	10676713	hs19	19386827	19431653
hs19	10663761	10676713	hs19	5623046	5668489
hs19	10663761	10676713	hs19	5587010	5624057
hs19	10663761	10676713	hs19	7991603	8008805
hs7	96110938	96339203	hs7	141438121	141487722
hs7	96110938	96339203	hs7	73097355	73119491
hs3	57557090	57583947	hs3	57542003	57552571
hs6	3153903	3157760	hs6	3224495	3231964
hs3	57542003	57552571	hs3	150126122	150184218
hs14	50359810	50361490	hs14	50575350	50583318
hs5	151150606	151192346	hs5	110427414	110466200
hs5	151150606	151192346	hs5	56215429	56267502
hs11	6496910	6502666	hs11	14464986	14521573
hs20	62329996	62339377	hs20	62338817	62367494
hs12	112451120	112461255	hs12	120532899	120555306
hs7	99686577	99689823	hs7	96110938	96339203
hs1	207494853	207534311	hs1	162531323	162569627
hs1	207494853	207534311	hs1	155165379	155178842
hs11	100558384	100862668	hs11	100862811	100864663
hs22	45098355	45258665	hs22	45098113	45258586
hs1	33327869	33338083	hs1	52608046	52812358
hs7	143883176	143991230	hs7	143880559	143883146
hs7	143883176	143991230	hs7	144052381	144077725
hs7	143880559	143883146	hs7	143955700	143956815
hs7	143880559	143883146	hs7	143452182	143454789
hs7	144052381	144077725	hs7	143268819	143271478
hs7	144052381	144077725	hs7	143452182	143454789
hs7	144052381	144077725	hs7	143955700	143956815
hs7	144052381	144077725	hs7	143880559	143883146
hs14	21538429	21558399	hs14	39501123	39578850
hs7	143268819	143271478	hs7	143955700	143956815
hs7	143268819	143271478	hs7	143880559	143883146
hs7	143268819	143271478	hs7	143452182	143454789
hs7	143452182	143454789	hs7	143955700	143956815
hs6	157099063	157531913	hs6	155054459	155155192
hs19	41223008	41246765	hs19	34895289	34917073
hs1	150547032	150552066	hs1	204372515	204380919
hs11	93517393	93547861	hs11	123594885	123612383
hs5	53179775	53606412	hs5	94039446	94620279
hs17	44594068	44657088	hs17	44588877	44633016
hs17	44594068	44657088	hs17	44370099	44415160
hs17	44588877	44633016	hs17	62850430	62915598
hs17	44370099	44415160	hs17	62850430	62915598
hs17	44370099	44415160	hs17	44588877	44633016
hs10	104433488	104474164	hs10	105995114	106027217
hs1	229440129	229441248	hs1	193028552	193060907
hs1	1309110	1310875	hs1	1570603	1590473
hs9	132371163	132398209	hs9	136271186	136283164
hs6	31626075	31628549	hs6	31629006	31634060
hs11	65343509	65360121	hs11	64008475	64011604
hs11	65343509	65360121	hs11	64851695	64855870
hs11	65343509	65360121	hs11	65729160	65747299
hs9	139702374	139735639	hs9	136197552	136203235
hs19	39421188	39423802	hs19	13254872	13261197
hsX	153672473	153679002	hsX	48830134	48858675
hs6	109169619	109295186	hs6	3722848	3752260
hs11	2421718	2425106	hs11	9595228	9615004
hsX	100877787	100882833	hsX	101975616	102008468
hs3	197236654	197300194	hs3	179322478	179345435
hs3	197236654	197300194	hs3	98451080	98540045
hs17	37827375	37853050	hs17	37793318	37819737
hs1	7844380	7905237	hs1	7903143	7913572
hs12	27485787	27576241	hs12	54943134	54973023
hs4	164265091	164273086	hs4	152023903	152246784
hs9	132399171	132404444	hs9	103064359	103115221
hs1	153634512	153643524	hs1	92632542	92650280
hs16	27324989	27376099	hs16	55542910	55620582
hs9	140194083	140196703	hs9	74966341	74980163
hs1	68150744	68154021	hs1	228870824	228882416
hs1	8064464	8086368	hs1	172628154	172636014
hs1	8064464	8086368	hs1	68150744	68154021
hs1	8064464	8086368	hs1	192544857	192549161
hs1	8064464	8086368	hs1	228870824	228882416
hs1	8064464	8086368	hs1	94994781	95007356
hs17	32582304	32584222	hs17	76352864	76356158
hs17	32582304	32584222	hs17	32646055	32648421
hs9	92219928	92221470	hs9	74966341	74980163
hs9	92219928	92221470	hs9	72999503	73029540
hs9	92219928	92221470	hs9	140194083	140196703
hs12	57388230	57390468	hs12	103981051	104160505
hs2	191273081	191373931	hs2	235860617	235964358
hs5	137514408	137523404	hs5	159848829	159855748
hs5	137514408	137523404	hs5	126112315	126172712
hs12	2966847	2986206	hs12	49717019	49725514
hs17	8108056	8113918	hs17	6347735	6354789
hs17	8108056	8113918	hs17	76210267	76221717
hs17	76210267	76221717	hs17	76170160	76183314
hs8	37962760	38001594	hs8	38034051	38070819
hs8	37962760	38001594	hs8	38082736	38133076
hs8	37962760	38001594	hs8	38020839	38034248
hs8	37962760	38001594	hs8	37620111	37637283
hs8	37962760	38001594	hs8	37594117	37616619
hs8	38034051	38070819	hs8	38082736	38133076
hs8	38082736	38133076	hs8	37594117	37616619
hs8	38082736	38133076	hs8	38020839	38034248
hs8	38020839	38034248	hs8	37620111	37637283
hs8	37594117	37616619	hs8	38020839	38034248
hs8	37594117	37616619	hs8	37620111	37637283
hs19	12847953	12859137	hs19	10828755	10944164
hs19	12847953	12859137	hs19	19626545	19644285
hs3	182655862	182703741	hs3	101043049	101232085
hs1	212738676	212794119	hs1	206808881	206857764
hs1	212738676	212794119	hs1	59246465	59249785
hs1	212738676	212794119	hs1	182567758	182573543
hs1	212738676	212794119	hs1	204372515	204380919
hs1	212738676	212794119	hs1	85731931	85742773
hs1	212738676	212794119	hs1	86046444	86049645
hs5	172195093	172198198	hs5	137801179	137805004
hs10	90965694	90967071	hs10	64571756	64679660
hs10	90965694	90967071	hs10	112257596	112271302
hs1	206808881	206857764	hs1	45805342	45809647
hs1	206808881	206857764	hs1	204372515	204380919
hs1	206808881	206857764	hs1	89318615	89357627
hs1	206808881	206857764	hs1	45265897	45271662
hs19	12902310	12904124	hs19	49375649	49379314
hs19	12902310	12904124	hs19	39897453	39900052
hs1	204372515	204380919	hs1	226170403	226187032
hs1	204372515	204380919	hs1	110881128	110889299
hs19	13261229	13265722	hs19	49375649	49379314
hs19	13261229	13265722	hs19	12902310	12904124
hs1	85731931	85742773	hs1	204372515	204380919
hs1	85731931	85742773	hs1	86046444	86049645
hs1	86046444	86049645	hs1	110881128	110889299
hs1	86046444	86049645	hs1	38268616	38273857
hs1	86046444	86049645	hs1	59246465	59249785
hs1	86046444	86049645	hs1	204372515	204380919
hs19	49375649	49379314	hs19	39897453	39900052
hs19	45971253	45978437	hs19	40946751	40950612
hs19	45971253	45978437	hs19	13261229	13265722
hs19	45971253	45978437	hs19	12902310	12904124
hs19	45971253	45978437	hs19	39897453	39900052
hs19	45971253	45978437	hs19	49375649	49379314
hs5	159828648	159848718	hs5	159436120	159492550
hs14	55518349	55536910	hs14	55493948	55516206
hs1	156052364	156109880	hs1	35641979	35658749
hs1	156052364	156109880	hs1	45265897	45271662
hs3	72420976	72496069	hs3	150126122	150184218
hs19	1852399	1863567	hs19	1248552	1259142
hs19	10654571	10664094	hs19	10461209	10491352
hs6	106632351	106773666	hs6	36644305	36655116
hs11	85370752	85393951	hs11	93465527	93465665
hs1	17312453	17338423	hs1	145516252	145523730
hs16	3701640	3767598	hs16	21963981	21994981
hs12	56665483	56694176	hs12	4758261	4798454
hs14	24974559	24977471	hs14	25042728	25045466
hs16	85832239	85840650	hs16	75661622	75682541
hs21	35275757	35288284	hs21	34931848	34961014
hs1	36921319	36930038	hs1	52254863	52344477
hs16	75661622	75682541	hs16	28853732	28857729
hs17	71228372	71245091	hs17	17942606	17971718
hs19	36139125	36149763	hs19	39109735	39127595
hs11	118271869	118302211	hs11	134118173	134123264
hs19	41937223	41946622	hs19	13064972	13068050
hs5	32124810	32174456	hs5	32227100	32313115
hs8	20054878	20084330	hs8	11700033	11726957
hs2	10861775	10925236	hs2	10923517	10978103
hs4	91048686	92523064	hs4	152330368	152584784
hs1	20008706	20126438	hs1	155145873	155157447
hs19	45682003	45685059	hs19	19626545	19644285
hs1	1570603	1590473	hs1	151482986	151511168
hs1	1570603	1590473	hs1	1152288	1167411
hs19	9945933	9960358	hs19	5587010	5624057
hs19	9945933	9960358	hs19	19386827	19431653
hs19	9945933	9960358	hs19	10943114	10946994
hs19	9945933	9960358	hs19	13254872	13261197
hs20	30327074	30389608	hs20	44441215	44445596
hs15	40453224	40513337	hs15	41624892	41673248
hs5	162887209	162918947	hs5	126112315	126172712
hs5	162887209	162918947	hs5	137514408	137523404
hs2	19551246	19558414	hs2	43449541	43453748
hs2	19551246	19558414	hs2	192699028	192711981
hs6	159186773	159240444	hs6	149825869	149867174
hs14	31915242	31926716	hs14	31959162	32330430
hs6	57037124	57054631	hs6	57053607	57087078
hs14	104022881	104029168	hs14	55518349	55536910
hs8	120177273	120257913	hs8	41119481	41167016
hs1	153579362	153585621	hs1	32042116	32053288
hs17	73663196	73704142	hs17	74035184	74068734
hs10	112658488	112679032	hs10	112631565	112659764
hs9	72999503	73029540	hs9	140194083	140196703
hs9	72999503	73029540	hs9	74966341	74980163
hs16	56716336	56718108	hs16	56642111	56643409
hs15	72978527	73030817	hs15	41271078	41408552
hs13	28009776	28024739	hs13	29233241	29253062
hs2	85884437	85895864	hs2	234545100	234681951
hs19	45250962	45263301	hs19	1248552	1259142
hs14	90862846	90874605	hs14	93403259	93582665
hs17	45600308	45700642	hs17	34842473	34855154
hs17	45600308	45700642	hs17	36337711	36358166
hs14	96722161	96735304	hs14	96671016	96710666
hsX	102470020	102472174	hsX	102507923	102510131
hsX	102470020	102472174	hsX	102631268	102633005
hsX	102507923	102510131	hsX	102611373	102613397
hs4	110736666	110745893	hs4	71554196	71556267
hsX	102631268	102633005	hsX	102611373	102613397
hs3	5020801	5027008	hs3	156864297	156878549
hs3	156864297	156878549	hs3	156391024	156424559
hs3	156864297	156878549	hs3	185633694	185655924
hs3	156864297	156878549	hs3	39183346	39196053
hs3	156864297	156878549	hs3	150126122	150184218
hs20	36120874	36156333	hs20	57608200	57617964
hs17	40439565	40463961	hs17	40351186	40428725
hs8	125551344	125580751	hs8	97238148	97247862
hs6	8013800	8064647	hs6	28212401	28227011
hs11	118230300	118269926	hs11	134094539	134117686
hs6	55618443	55740362	hs6	76458909	76629254
hs15	59951345	59981733	hs15	66797297	66842115
hs9	136895427	136933657	hs9	131018108	131038274
hs9	131018108	131038274	hs9	136197552	136203235
hs8	37700786	37707422	hs8	38020839	38034248
hs8	37700786	37707422	hs8	37620111	37637283
hs8	37700786	37707422	hs8	37594117	37616619
hs17	59758627	59940882	hs17	37884749	37887040
hs17	37884749	37887040	hs17	37827375	37853050
hs11	66104804	66112596	hs11	65729160	65747299
hs5	95220802	95297775	hs5	118604387	118735383
hs15	83685174	83736106	hs15	83776159	83813606
hs15	83685174	83736106	hs15	77223960	77242601
hs15	83685174	83736106	hs15	80351910	80430735
hs9	114423615	114432526	hs9	79000433	79009433
hs1	45274154	45281257	hs1	45265897	45271662
hs19	1985447	2034880	hs19	33668509	33698694
hs19	1985447	2034880	hs19	1383526	1395583
hs19	1985447	2034880	hs19	48972289	48985571
hs19	1985447	2034880	hs19	47759237	47775210
hs1	27226729	27273353	hs1	29474255	29508499
hs1	27226729	27273353	hs1	154897210	154909467
hs20	3170996	3185331	hs20	60697517	60710434
hs20	3170996	3185331	hs20	17594323	17662940
hs19	47759237	47775210	hs19	13064972	13068050
hs19	47759237	47775210	hs19	10663761	10676713
hs19	47759237	47775210	hs19	1383526	1395583
hs19	47759237	47775210	hs19	39876492	39881835
hs19	47759237	47775210	hs19	48972289	48985571
hs19	47759237	47775210	hs19	39421188	39423802
hs19	47759237	47775210	hs19	55964352	55973710
hs19	47759237	47775210	hs19	45542298	45574214
hs19	47759237	47775210	hs19	13254872	13261197
hs19	47759237	47775210	hs19	5623046	5668489
hs19	47759237	47775210	hs19	5587010	5624057
hs2	62900986	63273622	hs2	85581517	85618875
hs14	105766900	105864484	hs14	99864083	99947216
hs11	61640991	61659523	hs11	78363876	79151992
hs2	9543604	9563676	hs2	63815743	63834331
hs2	9543604	9563676	hs2	46768945	46810260
hs1	26758773	26797785	hs1	155579979	155718153
hs1	92545862	92613393	hs1	92632542	92650280
hs5	85913721	85916779	hs5	175815748	175816772
hs5	85913721	85916779	hs5	52856463	52979168
hs15	74890841	74932057	hs15	75940247	75954642
hs6	26402465	26415444	hs6	26365387	26378546
hs2	175212750	175260443	hs2	170440850	170497916
hs6	42979832	42981706	hs6	33257079	33266178
hs8	19674651	19709594	hs8	21777180	21864096
hs16	56666145	56667898	hs16	56642111	56643409
hs16	56666145	56667898	hs16	56716336	56718108
hs10	102747124	102754158	hs10	96075004	96122716
hs9	100263462	100364030	hs9	100362362	100395962
hs1	209959036	209979465	hs1	173446405	173457946
hs1	209959036	209979465	hs1	156030951	156040295
hs11	111944810	111955874	hs11	65101225	65120720
hs11	86013253	86056969	hs11	73882144	73965748
hs12	88427623	88443937	hs12	104458235	104498639
hs19	42829761	42882921	hs19	50691443	50813802
hs10	70100864	70167051	hs10	38383264	38414472
hs16	684429	686358	hs16	2821415	2827298
hs17	6917814	6920844	hs17	6915736	6917851
hs3	196295482	196315930	hs3	196594727	196661585
hs1	207191866	207206101	hs1	27705666	27709870
hs1	162336698	162356600	hs1	162039564	162353321
hs1	228288427	228293112	hs1	226418850	226497570
hs1	22962999	22966101	hs1	161185024	161190489
hs1	22962999	22966101	hs1	22979255	22988031
hs1	22962999	22966101	hs1	22970123	22974603
hs1	161185024	161190489	hs1	161475220	161493803
hs11	58975983	58980424	hs11	59939081	59952139
hs19	7804879	7812464	hs19	7580178	7585912
hs19	7804879	7812464	hs19	35521588	35531352
hs19	7804879	7812464	hs19	54754263	54761164
hs11	71927645	71932994	hs11	59939081	59952139
hs11	71927645	71932994	hs11	58975983	58980424
hs1	22979255	22988031	hs1	67773047	67862583
hs1	22979255	22988031	hs1	161475220	161493803
hs1	22979255	22988031	hs1	160648536	160681641
hs1	22979255	22988031	hs1	161185024	161190489
hs1	22979255	22988031	hs1	22970123	22974603
hs1	22970123	22974603	hs1	161475220	161493803
hs1	22970123	22974603	hs1	161185024	161190489
hs1	160648536	160681641	hs1	160765864	160798051
hs22	38339528	38349676	hs22	38301664	38338829
hs19	10501810	10530797	hs19	19386827	19431653
hs19	10501810	10530797	hs19	41082757	41097305
hs19	10501810	10530797	hs19	13064972	13068050
hs19	10501810	10530797	hs19	9945933	9960358
hs19	10501810	10530797	hs19	10596796	10614417
hs19	5623046	5668489	hs19	5587010	5624057
hs17	34136459	34191619	hs17	42282401	42298994
hs10	112257596	112271302	hs10	64571756	64679660
hs2	106679702	106694615	hs2	64068074	64118696
hs2	106679702	106694615	hs2	207024309	207027652
hs8	145159402	145162514	hs8	42249142	42263415
hs2	85833777	85839189	hs2	99215773	99224978
hs14	55493948	55516206	hs14	70838148	70883778
hs6	31949801	31970458	hs6	31938868	31950598
hs5	134181370	134195427	hs5	114949205	114968689
hs5	134181370	134195427	hs5	56215429	56267502
hs5	56215429	56267502	hs5	114949205	114968689
hs5	179261436	179289173	hs5	179233388	179265078
hs11	63991271	63993726	hs11	118230300	118269926
hs6	31629006	31634060	hs6	31514647	31526606
hs17	62495734	62504317	hs17	1614805	1620468
hs9	91605778	91611055	hs9	91606362	91619925
hs9	132589569	132598142	hs9	136223428	136228045
hs9	132589569	132598142	hs9	131018108	131038274
hs11	47638867	47664175	hs11	10533225	10562777
hs17	58227297	58248260	hs17	41924516	41940997
hs12	11802788	12048336	hs12	5541278	5630702
hs16	4475806	4506776	hs16	68318406	68344849
hs3	53528683	53847760	hs3	27151576	27410951
hs17	46908350	46943884	hs17	49039535	49198226
hs22	31795509	31924726	hs22	50946645	50961901
hs3	49726932	49758962	hs3	49145479	49158371
hs1	109656301	109749401	hs1	43735665	43739673
hs1	109656301	109749401	hs1	156030951	156040295
hs12	67663061	67713731	hs12	108956358	108963160
hs7	116451124	116562103	hs7	115927434	116148595
hs17	38296571	38328436	hs17	37560538	37607539
hs17	37560538	37607539	hs17	37884749	37887040
hs17	37560538	37607539	hs17	36908989	36920484
hs17	37560538	37607539	hs17	38137050	38154213
hs15	40886218	40956540	hs15	41624892	41673248
hs12	52400724	52409673	hs12	8071826	8088871
hs7	142985308	143004789	hs7	135046547	135194875
hs19	42724423	42732353	hs19	52494585	52511483
hs19	42724423	42732353	hs19	52616344	52643175
hs9	70856397	70914929	hs9	42668608	42714962
hs20	60697517	60710434	hs20	60528525	60640866
hs22	39257455	39268319	hs22	19318221	19435224
hs8	22462145	22479027	hs8	17086737	17104387
hs8	22462145	22479027	hs8	439803	495781
hs16	57546090	57570511	hs16	2254249	2259417
hs16	58265061	58317740	hs16	58313901	58328951
hs11	532242	537287	hs11	65729160	65747299
hs11	65686728	65689032	hs11	532242	537287
hs11	65686728	65689032	hs11	65729160	65747299
hs11	65686728	65689032	hs11	57067112	57092426
hs11	65686728	65689032	hs11	64008475	64011604
hs2	27848506	27851879	hs2	68686551	68694390
hs1	1634169	1655766	hs1	1570603	1590473
hs19	13842574	13874110	hs19	10461209	10491352
hs17	16592851	16707767	hs17	18441117	18528930
hs1	89318615	89357627	hs1	89445139	89458643
hs1	89318615	89357627	hs1	204372515	204380919
hs1	89318615	89357627	hs1	45265897	45271662
hs1	89318615	89357627	hs1	145516252	145523730
hs7	938415	1015235	hs7	5085452	5109119
hs14	74486056	74549566	hs14	74398204	74417117
hs1	93645476	93744287	hs1	10003486	10045559
hs13	115000362	115038198	hs13	73329540	73356234
hs3	122078438	122102078	hs3	129149787	129158878
hs9	130823512	130830485	hs9	130830480	130871524
hs5	150560613	150603706	hs5	150409506	150473138
hs5	150560613	150603706	hs5	31639517	32111037
hs5	150560613	150603706	hs5	149980642	150038782
hs2	132285248	132291239	hs2	130896860	130902707
hs19	10216965	10225414	hs19	10216899	10225456
hs19	39876492	39881835	hs19	5623046	5668489
hs1	879584	894689	hs1	29474255	29508499
hs1	879584	894689	hs1	27226729	27273353
hs19	55964352	55973710	hs19	1383526	1395583
hs19	36378555	36393205	hs19	40946751	40950612
hs19	36378555	36393205	hs19	40927499	40931932
hs17	34415602	34417515	hs17	34522268	34524157
hs17	34415602	34417515	hs17	34430983	34433014
hs17	34430983	34433014	hs17	76352864	76356158
hs19	16435628	16438685	hs19	39897453	39900052
hs17	34198495	34207797	hs17	45810610	45823485
hs1	117297007	117311850	hs1	32716840	32751766
hs15	41221538	41231237	hs15	52484519	52587995
hs15	59397277	59417244	hs15	41624892	41673248
hs17	21187984	21218552	hs17	43340488	43394414
hs19	54369477	54379691	hs19	4815944	4831716
hs19	54369477	54379691	hs19	10334520	10341948
hs19	54369477	54379691	hs19	40927499	40931932
hs19	18390563	18392432	hs19	7953390	7966901
hs11	66360292	66373490	hs11	64008475	64011604
hs11	66360292	66373490	hs11	65729160	65747299
hs11	66360292	66373490	hs11	62443970	62446567
hs7	56119323	56131682	hs7	56169262	56174269
hs1	158259576	158263420	hs1	159259504	159278014
hs11	118209669	118213459	hs11	118175260	118186890
hs1	207669492	207813992	hs1	1567474	1570639
hs1	207669492	207813992	hs1	67773047	67862583
hs1	167905021	168045081	hs1	153579362	153585621
hs16	30362087	30366682	hs16	31044210	31054296
hs16	30362087	30366682	hs16	11961985	12009939
hs16	30362087	30366682	hs16	730224	732870
hs16	730224	732870	hs16	1399241	1401912
hs19	51728320	51747115	hs19	56186592	56221224
hs19	51728320	51747115	hs19	54777675	54785039
hs19	51728320	51747115	hs19	54754263	54761164
hs19	56186592	56221224	hs19	35521588	35531352
hs1	207077731	207096592	hs1	207070788	207077484
hs2	233743396	233877982	hs2	198669426	199437305
hs6	106534195	106557814	hs6	138188351	138204449
hs6	106534195	106557814	hs6	134490384	134639250
hs1	192544857	192549161	hs1	228870824	228882416
hsX	149934810	150067289	hsX	153629579	153640449
hs13	73329540	73356234	hs13	103497194	103528345
hs1	149895209	149900236	hs1	24958207	24999758
hs12	49223547	49246625	hs12	56146247	56211540
hs11	47440320	47447993	hs11	790475	798316
hs5	162930120	162946342	hs5	138677276	138705406
hs1	26503894	26516377	hs1	60280458	60342050
hs4	74962752	74965010	hs4	74902306	74904524
hs6	12290596	12297427	hs6	37137979	37143202
hs8	25316513	25365436	hs8	27667137	27695612
hs10	62538089	62554610	hs10	129894923	129924649
hs7	21940518	21985702	hs7	21582833	21941457
hs16	64977656	65160015	hs16	67423712	67427438
hs17	63631656	64188202	hs17	7348380	7361026
hs5	176830205	176869902	hs5	133530025	133561833
hs2	85569211	85581743	hs2	46768945	46810260
hs5	140800762	140891835	hs5	140749831	140892546
hs5	140800762	140891835	hs5	140767452	140892546
hs5	140800762	140891835	hs5	140797427	140892546
hs5	140800762	140891835	hs5	140787770	140892546
hs5	140800762	140891835	hs5	140739703	140892546
hs5	140800762	140891835	hs5	140729828	140892546
hs5	140800762	140891835	hs5	140753651	140892546
hs5	140800762	140891835	hs5	140718539	140892546
hs5	140800762	140891835	hs5	140810185	140892546
hs5	140800762	140891835	hs5	140762467	140892546
hs5	140800762	140891835	hs5	140772381	140892546
hs5	140800762	140891835	hs5	140734768	140892546
hs5	140800762	140891835	hs5	140743898	140892546
hs5	140800762	140891835	hs5	140868808	140892546
hs5	140800762	140891835	hs5	140723601	140892546
hs5	140800762	140891835	hs5	140855580	140892542
hs5	140800762	140891835	hs5	140864741	140892546
hs5	140855580	140892542	hs5	140868808	140892546
hs5	140855580	140892542	hs5	140864741	140892546
hs16	22357257	22448486	hs16	89762751	89768113
hs2	20646835	20649200	hs2	192699028	192711981
hs2	20646835	20649200	hs2	43449541	43453748
hs16	56672578	56673999	hs16	56716336	56718108
hs16	56672578	56673999	hs16	56659387	56661024
hs16	56672578	56673999	hs16	56666145	56667898
hs16	56672578	56673999	hs16	56642111	56643409
hs1	214776538	214837931	hs1	163236366	163325554
hs13	25457171	25497018	hs13	33006554	33112970
hs13	25457171	25497018	hs13	20207788	20247599
hs11	62480102	62494821	hs11	65729160	65747299
hs1	26560691	26605299	hs1	28285973	28294607
hs2	182401403	182545392	hs2	182321929	182400914
hs1	196788887	196801319	hs1	196743925	196763203
hs14	35179593	35184029	hs14	75548822	75594047
hs21	37757676	37791313	hs21	34931848	34961014
hs22	24108021	24110630	hs22	43547520	43559248
hs19	42751724	42759309	hs19	1852399	1863567
hs14	21853353	21924285	hs14	103851729	103970168
hs14	103851729	103970168	hs14	71047974	71067384
hs14	103851729	103970168	hs14	20811741	20826064
hs19	59062933	59066491	hs19	54618837	54635140
hs15	30653443	30686052	hs15	32322691	32464722
hs10	101948055	101989376	hs10	88695297	88729238
hs6	32916390	32936871	hs6	32971955	32977389
hs6	32971955	32977389	hs6	33043703	33054978
hs1	228294380	228297013	hs1	151372010	151374420
hs7	73588575	73611431	hs7	98989671	99006452
hs6	139693393	139695757	hs6	134490384	134639250
hs15	43985084	43991420	hs15	43825660	43882430
hs15	43985084	43991420	hs15	43885252	43897099
hs3	33537737	33759848	hs3	33429828	33482863
hs5	178029665	178057616	hs5	140071011	140078889
hs5	140071011	140078889	hs5	180257957	180262726
hs11	77225981	77348850	hs11	77371041	77532063
hs11	77225981	77348850	hs11	77589766	77705724
hs11	77225981	77348850	hs11	77779350	77791265
hs11	77589766	77705724	hs11	77779350	77791265
hs8	27454434	27472548	hs8	27491385	27534293
hs8	61969717	62414204	hs8	52730140	52811735
hs16	1290697	1292555	hs16	1277272	1280214
hs8	125324231	125384933	hs8	71485677	71520622
hs2	6980701	7006766	hs2	7005937	7038370
hs1	79115481	79129763	hs1	948803	949920
hs1	79115481	79129763	hs1	27992572	27998729
hs9	132934857	132999583	hs9	82186688	82341658
hs3	169755717	169803191	hs3	150259781	150321015
hs7	106842000	107204959	hs7	25159710	25164980
hs2	189839046	189877472	hs2	238232646	238323018
hs2	189839046	189877472	hs2	216225163	216300895
hs2	189839046	189877472	hs2	189896622	190044605
hs16	57481337	57495187	hs16	75145758	75150669
hs5	175815748	175816772	hs5	132202252	132203723
hs11	63974150	63991354	hs11	47376411	47400127
hs20	33590207	33680674	hs20	33890369	33999944
hs1	241660903	241683061	hs1	161166894	161184185
hs1	241660903	241683061	hs1	220267444	220321380
hs6	75947391	75960039	hs6	88299839	88377169
hs6	75947391	75960039	hs6	125541108	125623282
hs16	1277272	1280214	hs16	1306060	1308532
hs1	220267444	220321380	hs1	17345217	17380665
hs7	72634611	72649979	hs7	74572445	74587848
hs2	208394461	208468155	hs2	206858445	206951027
hs17	43699267	43913194	hs17	44370099	44415160
hs17	43699267	43913194	hs17	44588877	44633016
hs17	43699267	43913194	hs17	43697694	43725582
hs3	97595819	97663810	hs3	97660662	97691301
hs7	151125921	151137899	hs7	151072995	151107813
hs10	43633934	43680756	hs10	93558069	93625033
hs16	58191811	58231824	hs16	28853732	28857729
hs6	31633013	31638120	hs6	42952237	42980080
hs6	31633013	31638120	hs6	31765173	31774761
hs10	106071894	106098162	hs10	3818188	3827473
hs19	2476120	2478257	hs19	41223008	41246765
hs6	132269316	132272513	hs6	30644166	30655672
hs6	132269316	132272513	hs6	11183531	11382581
hs15	31231144	31283810	hs15	62682725	63136830
hs5	140052758	140071609	hs5	140026643	140042064
hs1	112938803	113006078	hs1	178060643	178063119
hs14	90722839	90738968	hs14	53173890	53195305
hs10	101992055	102027437	hs10	91461367	91534700
hs4	76942273	76944650	hs4	76954835	76962568
hs4	74735110	74736959	hs4	74962752	74965010
hs4	74735110	74736959	hs4	74902306	74904524
hs10	44793038	44881941	hs10	72238577	72328205
hs17	4636821	4643217	hs17	4643319	4649411
hs19	18307594	18314884	hs19	52839498	52871031
hs19	18307594	18314884	hs19	38104650	38183238
hsX	148621900	148632055	hsX	149097745	149107029
hs11	61116217	61129771	hs11	61066923	61110068
hs1	110036674	110045554	hs1	182567758	182573543
hs17	7761064	7765600	hs17	45600308	45700642
hs17	74523438	74547257	hs17	74523668	74549660
hs5	74632154	74657929	hs5	43289497	43313614
hs5	74632154	74657929	hs5	110831731	110848288
hs14	59655364	59838123	hs14	54941202	54955914
hs14	54941202	54955914	hs14	55493948	55516206
hs9	124329336	124547809	hs9	107526438	107539738
hs3	183353356	183402265	hs3	179322478	179345435
hs5	140018325	140027370	hs5	132202252	132203723
hs6	117774980	117891021	hs6	117639374	117923691
hs6	24171984	24358280	hs6	24357131	24358512
hs6	31694815	31698394	hs6	31919864	31926887
hs17	21026677	21096578	hs17	1397865	1420182
hs1	15943995	15995539	hs1	15986364	15988217
hs1	6281253	6296032	hs1	202696526	202778598
hs22	24313554	24322660	hs22	24309089	24314721
hs16	70380732	70407286	hs16	74330673	74340186
hs10	103911933	103923627	hs10	99116115	99161127
hs17	61850963	61896677	hs17	65334032	65362743
hs17	61850963	61896677	hs17	74035184	74068734
hs19	54658899	54663620	hs19	7991603	8008805
hs19	54658899	54663620	hs19	1009647	1021117
hs19	54658899	54663620	hs19	13254872	13261197
hs1	111729796	111747157	hs1	160061130	160068733
hs1	111729796	111747157	hs1	43990858	44089343
hs22	20067755	20099400	hs22	44888452	44894178
hs13	52342129	52378293	hs13	103497194	103528345
hs13	52342129	52378293	hs13	73329540	73356234
hs17	27224799	27230089	hs17	27900487	27921072
hs3	47844399	47891685	hs3	11178779	11305243
hs13	41303432	41345309	hs13	33006554	33112970
hs13	41303432	41345309	hs13	46528600	46626894
hs1	153931575	153940188	hs1	154521053	154531504
hs20	61509090	61569304	hs20	62526518	62567384
hs13	45563687	45607746	hs13	41363548	41384247
hs15	66585555	66626236	hs15	42705021	42783321
hs11	111895538	111935114	hs11	86748886	87034800
hs11	111895538	111935114	hs11	111957497	111990353
hs20	34894258	35157040	hs20	44044717	44054884
hs17	17876127	17920203	hs17	36921942	36956379
hs17	17876127	17920203	hs17	4699439	4701790
hsX	72091859	72163653	hsX	71996833	72068636
hs22	41255553	41258130	hs22	41253081	41363838
hs3	180701497	180707562	hs3	39138150	39149854
hs7	102952921	102985320	hs7	92190107	92219708
hs11	63997750	64001758	hs11	64856796	64879332
hs14	74111578	74170435	hs14	76368479	76550928
hs14	76368479	76550928	hs14	50249997	50319921
hs17	5810	31427	hs17	36187925	36244363
hs19	50010073	50029590	hs19	35521588	35531352
hs3	180585929	180700541	hs3	179322478	179345435
hs17	40719086	40725257	hs17	45600308	45700642
hs17	40719086	40725257	hs17	40724333	40729849
hs17	40719086	40725257	hs17	40439565	40463961
hsX	102862379	102884618	hsX	54466834	54471920
hsX	102862379	102884618	hsX	102831159	102842657
hs17	48452420	48474914	hs17	57751997	57784987
hs3	122283085	122294050	hs3	122399465	122449687
hs3	122283085	122294050	hs3	122246771	122283424
hs14	24630262	24635774	hs14	24615892	24629870
hs15	45422131	45457774	hs15	45384848	45406542
hs15	45422131	45457774	hs15	45409569	45422136
hs11	1575274	1593150	hs11	65659520	65668044
hs6	126068810	126082415	hs6	64231666	64293492
hs19	18367908	18385319	hs19	36208921	36229779
hs19	18367908	18385319	hs19	1248552	1259142
hs1	1270656	1284730	hs1	1550795	1565990
hs6	159057506	159065771	hs6	158530536	158589312
hs6	159057506	159065771	hs6	159186773	159240444
hs6	158530536	158589312	hs6	158957468	159056460
hs6	158530536	158589312	hs6	157710418	157744633
hs6	168227602	168372703	hs6	168224556	168227389
hs16	28699879	28747051	hs16	28390900	28415200
hs11	7991798	8023409	hs11	532242	537287
hs10	74451889	74647452	hs10	74766975	74856732
hs10	119301955	119309056	hs10	119232726	119304579
hs1	150573327	150602088	hs1	151955391	151966866
hs1	151955391	151966866	hs1	153516089	153522612
hs8	110346553	110358182	hs8	101162812	101166230
hs8	101162812	101166230	hs8	97273943	97349223
hs1	172628154	172636014	hs1	228870824	228882416
hs1	172628154	172636014	hs1	68150744	68154021
hs16	56659387	56661024	hs16	56716336	56718108
hs16	56659387	56661024	hs16	56642111	56643409
hs16	56659387	56661024	hs16	56666145	56667898
hs14	57670518	57735726	hs14	50249997	50319921
hs2	228189867	228222550	hs2	71213068	71222075
hs5	77656339	77776562	hs5	114949205	114968689
hs14	50249997	50319921	hs14	73525144	73588122
hs8	145133529	145135550	hs8	104410863	104427417
hs5	76011868	76031606	hs5	75911307	75919259
hs11	70049269	70053496	hs11	69467844	69490184
hs17	38175350	38217468	hs17	38137050	38154213
hs16	57186378	57220028	hs16	58741035	58768261
hs10	61005890	61122939	hs10	60936350	61007534
hs3	158288952	158325041	hs3	40566369	40616176
hs6	146864829	146876101	hs6	42712219	42714558
hs10	51827648	51893269	hs10	46222648	46288409
hs17	27082996	27182250	hs17	27232268	27278789
hs9	115875353	115882208	hs9	115865618	115873780
hsX	51075083	51080377	hsX	51232863	51239448
hs17	74708919	74722866	hs17	17397751	17399709
hs8	12039605	12051642	hs8	12282913	12293915
hs11	65339820	65341669	hs11	47428683	47438047
hs6	35420138	35434880	hs6	161412759	161538417
hs2	223435255	223521056	hs2	162164549	162268228
hs10	90750414	90775542	hs10	99092255	99094458
hs11	64888100	64889945	hs11	64083932	64085556
hs19	46393278	46405862	hs19	37597636	37663643
hs11	59573608	59578345	hs11	67798084	67804111
hs1	28655513	28662476	hs1	10003486	10045559
hs1	149754227	149764074	hs1	120926979	120935937
hs1	161551101	161648444	hs1	183524698	183560011
hs11	125315646	125366213	hs11	35453370	35551848
hs17	7494548	7518189	hs17	17942606	17971718
hs9	95709733	95798518	hs9	95820989	95847420
hs13	102372134	103054124	hs13	102104966	102375456
hs5	133936834	133984961	hs5	79703832	79775169
hs5	133936834	133984961	hs5	138282409	138629246
hs7	150322463	150329473	hs7	150211918	150218161
hs7	150322463	150329473	hs7	150147718	150176480
hs7	150264365	150271041	hs7	150147718	150176480
hs7	150264365	150271041	hs7	150322463	150329473
hs17	27206353	27224697	hs17	27232268	27278789
hs5	92919043	92930321	hs5	92745065	92921354
hs19	44616334	44637027	hs19	56950694	56989434
hs19	44616334	44637027	hs19	44507100	44518078
hs19	44616334	44637027	hs19	38187264	38210691
hs19	44616334	44637027	hs19	37407231	37489602
hs19	44616334	44637027	hs19	44576297	44593766
hs20	30432103	30433420	hs20	62679076	62680994
hs19	52298416	52329442	hs19	54720737	54746649
hs19	54720737	54746649	hs19	54720147	54746602
hs4	2229191	2243891	hs4	419604	492945
hs1	6051526	6161253	hs1	182758428	182799519
hs19	5865837	5903798	hs19	5891287	5904017
hs1	152004982	152020383	hs1	149895209	149900236
hs2	208627310	208634287	hs2	208693027	208890284
hs3	184079506	184086384	hs3	12045876	12232900
hs11	3818954	3847601	hs11	2920951	2946476
hs12	51745031	51786651	hs12	51785101	51902980
hs11	22647188	22834601	hs11	61520114	61555990
hs7	74188309	74203659	hs7	72634611	72649979
hs7	74188309	74203659	hs7	74572445	74587848
hs22	30681106	30685616	hs22	30687979	30723035
hs20	61569471	61576996	hs20	48552948	48570429
hs7	150413645	150421372	hs7	150147718	150176480
hs7	150413645	150421372	hs7	150264365	150271041
hs7	150413645	150421372	hs7	150322463	150329473
hs7	150419341	150447121	hs7	150147718	150176480
hs3	43120724	43147568	hs3	48509197	48542259
hs22	37415676	37425863	hs22	37406900	37415681
hs20	62218955	62258394	hs20	34236847	34252878
hs18	19284918	19450918	hs18	29671818	29711524
hs18	11688955	11885684	hs18	11882621	11909222
hs14	93260576	93306308	hs14	59951161	59972128
hs15	34671269	34880704	hs15	34817408	34880704
hs15	23435096	23448420	hs15	28764757	28778160
hs2	133174147	133404132	hs2	133402426	133429152
hs1	145764411	145827103	hs1	147400506	147465753
hs17	18923986	18950950	hs17	19030782	19062489
hs3	119540170	119813264	hs3	129149787	129158878
hs2	18737050	18770838	hs2	18735989	18741946
hs1	110210644	110252171	hs1	110198703	110208118
hs5	70330784	70363516	hs5	68856035	68890550
hs7	74071994	74175026	hs7	74602783	74653438
hs7	74210483	74267847	hs7	74508364	74565623
hs13	27998681	28009958	hs13	29233241	29253062
hs13	27998681	28009958	hs13	28009776	28024739
hs8	125486979	125500155	hs8	125463048	125474391
hs22	23980674	24059543	hs22	24030323	24041363
hs11	2016406	2022700	hs11	2153768	2182439
hs11	2016406	2022700	hs11	2150342	2170833
hs11	2150342	2170833	hs11	2161731	2169894
hs11	2150342	2170833	hs11	2153768	2182439
hs15	89420519	89438857	hs15	89441916	89456642
hs16	226679	227521	hs16	222846	223709
hs6	135281516	135424194	hs6	151725989	151773259
hs12	123185840	123187890	hs12	123199303	123201439
hs6	31368479	31445283	hs6	32808494	32812480
hs6	31368479	31445283	hs6	32812986	32821755
hs6	32808494	32812480	hs6	32812986	32821755
hs5	141000443	141016437	hs5	52856463	52979168
hs1	149813505	149814478	hs1	149856010	149858232
hs6	26124373	26139344	hs6	27093676	27100541
hs6	27106073	27114619	hs6	36822603	36842800
hs6	27791884	27792257	hs6	27798952	27799305
hs6	33043703	33054978	hs6	32546546	32557625
hs6	33043703	33054978	hs6	32595956	32614839
hs6	33043703	33054978	hs6	32407619	32412823
hs6	33032346	33048552	hs6	32595956	32614839
hs6	33032346	33048552	hs6	32546546	32557625
hs6	33032346	33048552	hs6	32407619	32412823
hs6	33032346	33048552	hs6	33043703	33054978
hs6	32595956	32614839	hs6	32627244	32636160
hs6	32595956	32614839	hs6	32546546	32557625
hs6	32546546	32557625	hs6	32485120	32498064
hs6	32627244	32636160	hs6	32485120	32498064
hs6	32627244	32636160	hs6	32546546	32557625
hs6	32709119	32714992	hs6	32627244	32636160
hs6	32709119	32714992	hs6	32723875	32731311
hs6	32709119	32714992	hs6	32520490	32527799
hs6	32723875	32731311	hs6	32520490	32527799
hs6	32485120	32498064	hs6	32520490	32527799
hs11	94898704	94965705	hs11	118230300	118269926
hs19	19303008	19312678	hs19	507299	519654
hs11	86152150	86383678	hs11	86502101	86663952
hs7	27139721	27142430	hs7	27193335	27197555
hs7	27139721	27142430	hs7	20174278	20257027
hs7	27139721	27142430	hs7	27145803	27192200
hs7	27139721	27142430	hs7	27180671	27183287
hs7	27139721	27142430	hs7	27168126	27170418
hs7	27193335	27197555	hs7	27202054	27210117
hs7	27145803	27192200	hs7	27168126	27170418
hs7	27145803	27192200	hs7	27180671	27183287
hs7	27180671	27183287	hs7	27193335	27197555
hs7	27180671	27183287	hs7	27185015	27190222
hs7	27168126	27170418	hs7	27193335	27197555
hs7	27168126	27170418	hs7	27180671	27183287
hs17	46618256	46623441	hs17	46652875	46657473
hs17	46618256	46623441	hs17	46626232	46682274
hs17	46626232	46682274	hs17	46652875	46657473
hs17	46668619	46671323	hs17	46671639	46682354
hs17	46671639	46682354	hs17	46684594	46710934
hs12	54366910	54371427	hs12	54332535	54340328
hs2	176973518	176984670	hs2	176987088	176989853
hs20	30193086	30194318	hs20	62679076	62680994
hs18	44681413	44702745	hs18	22006580	22033499
hs1	27992572	27998729	hs1	948803	949920
hs12	113376157	113411054	hs12	121458095	121477045
hs11	313506	315272	hs11	319669	327537
hs11	2161731	2169894	hs11	2153768	2182439
hs5	139505521	139508391	hs5	40714577	40756077
hs1	159896829	159915386	hs1	156030951	156040295
hs13	28712643	28869475	hs13	20397622	20437776
hs3	49761727	49823975	hs3	14989091	15095107
hs14	24649425	24658170	hs14	23389720	23398794
hs17	45726842	45762871	hs17	40719086	40725257
hs17	45726842	45762871	hs17	40439565	40463961
hs1	46159996	46216322	hs1	10003486	10045559
hs1	46159996	46216322	hs1	109605108	109618624
hs1	46159996	46216322	hs1	28655513	28662476
hs3	167401086	167452727	hs3	167453031	167543356
hs16	54317216	54320675	hs16	54964774	54968397
hs7	139877061	139879440	hs7	139784546	139876835
hsX	8496915	8700227	hsX	155110956	155173433
hs11	105921825	105948492	hs11	130096572	130184581
hs17	73028670	73061984	hs17	45900638	45908900
hs17	73028670	73061984	hs17	1553923	1588176
hs14	58894103	59015216	hs14	92432335	92507240
hs8	12803151	12889012	hs8	96146032	96168912
hs1	173684080	173755840	hs1	198126093	198291550
hs2	239047363	239061588	hs2	27353624	27357543
hs9	21329670	21335379	hs9	19049372	19051019
hs19	51446559	51456349	hs19	51461887	51472929
hs12	52840435	52845910	hs12	52862300	52867569
hs12	52679697	52685318	hs12	52643084	52702947
hsX	64732462	64754655	hsX	48755195	48760420
hs9	139632619	139637808	hs9	139638463	139642980
hs1	161129240	161135513	hs1	28285973	28294607
hs1	183605220	183897665	hs1	155165379	155178842
hs14	24780656	24787242	hs14	24774940	24781259
hs3	158363611	158390482	hs3	158414681	158450485
hsX	51927919	51935364	hsX	51804923	51812368
hs2	210288782	210598842	hs2	159313476	159539391
hs15	66679155	66784650	hs15	90808891	90816463
hs22	22108789	22221970	hs22	45098113	45258586
hs13	48627459	48669267	hs13	41635410	41658137
hs13	48627459	48669267	hs13	48611703	48621358
hs2	66660584	66801001	hs2	196998290	197041227
hs1	41157320	41237275	hs1	41492872	41707826
hs1	19923477	19956314	hs1	8014351	8045565
hs11	19076002	19082228	hs11	59855734	59863444
hs7	42971799	42988557	hs7	141438121	141487722
hs17	36452989	36479101	hs17	34842473	34855154
hs15	89010684	89022222	hs15	41136216	41150405
hs4	84377085	84390888	hs4	8437867	8495258
hs1	150266289	150281414	hs1	205681947	205719404
hs21	35445524	35515334	hs21	35445870	35478559
hs2	105654441	105716418	hs2	188328957	188430487
hs9	35752987	35756610	hs9	35749203	35758572
hs17	18231187	18266856	hs17	7184986	7191576
hs1	173900352	173991435	hs1	37940153	37949980
hs19	58193337	58228669	hs19	58231119	58238992
hs17	4442192	4458926	hs17	4574679	4607632
hs17	4574679	4607632	hs17	36337711	36358166
hs3	169490619	169507504	hs3	49396578	49450431
hs17	27400528	27507430	hs17	27400537	27418537
hs13	33160564	33352157	hs13	79885962	79980612
hs2	132222473	132250316	hs2	130939310	130948302
hs1	145289772	145370303	hs1	146032647	146082765
hs1	145289772	145370303	hs1	148003642	148025863
hs1	145289772	145370303	hs1	144811744	144830413
hs1	146032647	146082765	hs1	148555979	148596267
hs1	146032647	146082765	hs1	144811744	144830413
hs1	146032647	146082765	hs1	148003642	148025863
hs1	148003642	148025863	hs1	148555979	148596267
hs1	148003642	148025863	hs1	144811744	144830413
hs1	144811744	144830413	hs1	100598706	100616053
hs1	148555979	148596267	hs1	144811744	144830413
hs3	196662273	196669468	hs3	196366646	196462878
hs13	80055287	80130210	hs13	48611703	48621358
hs3	49057892	49060928	hs3	49726932	49758962
hs2	97163383	97173846	hs2	160788519	160919121
hs17	49230920	49249108	hs17	49230951	49249105
hs16	14927538	14990017	hs16	16326352	16388668
hs16	14927538	14990017	hs16	18511182	18573533
hs16	18511182	18573533	hs16	16326352	16388668
hs15	69222864	69355083	hs15	69110560	69239150
hs16	21845890	21892148	hs16	22490442	22547842
hs7	75039605	75046066	hs7	72418120	72425329
hs9	136271186	136283164	hs9	136197552	136203235
hs8	30631973	30671830	hs8	97238148	97247862
hs9	138437985	138441815	hs9	136080664	136084630
hs1	248031277	248060449	hs1	248020501	248041507
hs17	3575493	3599698	hs17	3566196	3571976
hs11	405716	417455	hs11	1295601	1330884
hs4	79808281	79860592	hs4	108745719	108836203
hs1	226548392	226595780	hs1	45265897	45271662
hs2	113973574	114036527	hs2	113969099	114034158
hs5	140792743	140892546	hs5	140772381	140892546
hs5	140792743	140892546	hs5	140800762	140891835
hs5	140792743	140892546	hs5	140762467	140892546
hs5	140792743	140892546	hs5	140729828	140892546
hs5	140772381	140892546	hs5	140787770	140892546
hs5	140772381	140892546	hs5	140749831	140892546
hs5	140772381	140892546	hs5	140729828	140892546
hs5	140772381	140892546	hs5	140868808	140892546
hs5	140772381	140892546	hs5	140767452	140892546
hs5	140772381	140892546	hs5	140855580	140892542
hs5	140772381	140892546	hs5	140864741	140892546
hs5	140762467	140892546	hs5	140787770	140892546
hs5	140762467	140892546	hs5	140864741	140892546
hs5	140762467	140892546	hs5	140855580	140892542
hs5	140762467	140892546	hs5	140868808	140892546
hs5	140762467	140892546	hs5	140767452	140892546
hs5	140762467	140892546	hs5	140729828	140892546
hs5	140762467	140892546	hs5	140772381	140892546
hs5	140729828	140892546	hs5	140739703	140892546
hs5	140729828	140892546	hs5	140868808	140892546
hs5	140729828	140892546	hs5	140767452	140892546
hs5	140729828	140892546	hs5	140864741	140892546
hs5	140729828	140892546	hs5	140855580	140892542
hs5	140710252	140892546	hs5	140810185	140892546
hs5	140710252	140892546	hs5	140749831	140892546
hs5	140710252	140892546	hs5	140739703	140892546
hs5	140710252	140892546	hs5	140734768	140892546
hs5	140710252	140892546	hs5	140723601	140892546
hs5	140710252	140892546	hs5	140743898	140892546
hs5	140710252	140892546	hs5	140855580	140892542
hs5	140710252	140892546	hs5	140868808	140892546
hs5	140710252	140892546	hs5	140800762	140891835
hs5	140710252	140892546	hs5	140762467	140892546
hs5	140710252	140892546	hs5	140729828	140892546
hs5	140710252	140892546	hs5	140864741	140892546
hs5	140710252	140892546	hs5	140772381	140892546
hs5	140810185	140892546	hs5	140743898	140892546
hs5	140810185	140892546	hs5	140855580	140892542
hs5	140810185	140892546	hs5	140864741	140892546
hs5	140749831	140892546	hs5	140868808	140892546
hs5	140749831	140892546	hs5	140855580	140892542
hs5	140739703	140892546	hs5	140868808	140892546
hs5	140739703	140892546	hs5	140864741	140892546
hs5	140734768	140892546	hs5	140855580	140892542
hs5	140734768	140892546	hs5	140772381	140892546
hs5	140734768	140892546	hs5	140868808	140892546
hs5	140734768	140892546	hs5	140864741	140892546
hs5	140734768	140892546	hs5	140762467	140892546
hs5	140734768	140892546	hs5	140743898	140892546
hs5	140723601	140892546	hs5	140753651	140892546
hs5	140723601	140892546	hs5	140868808	140892546
hs5	140723601	140892546	hs5	140855580	140892542
hs5	140723601	140892546	hs5	140739703	140892546
hs5	140723601	140892546	hs5	140762467	140892546
hs5	140723601	140892546	hs5	140864741	140892546
hs5	140723601	140892546	hs5	140734768	140892546
hs5	140723601	140892546	hs5	140743898	140892546
hs5	140743898	140892546	hs5	140868808	140892546
hs5	140743898	140892546	hs5	140767452	140892546
hs5	140743898	140892546	hs5	140855580	140892542
hs5	140743898	140892546	hs5	140772381	140892546
hs5	140743898	140892546	hs5	140739703	140892546
hs5	140743898	140892546	hs5	140864741	140892546
hs5	140743898	140892546	hs5	140762467	140892546
hs5	140864741	140892546	hs5	140868808	140892546
hs5	140797427	140892546	hs5	140868808	140892546
hs5	140797427	140892546	hs5	140855580	140892542
hs5	140797427	140892546	hs5	140864741	140892546
hs5	140787770	140892546	hs5	140868808	140892546
hs5	140787770	140892546	hs5	140864741	140892546
hs5	140753651	140892546	hs5	140868808	140892546
hs5	140753651	140892546	hs5	140855580	140892542
hs5	140718539	140892546	hs5	140723601	140892546
hs5	140718539	140892546	hs5	140855580	140892542
hs5	140718539	140892546	hs5	140868808	140892546
hs5	140718539	140892546	hs5	140864741	140892546
hs5	140718539	140892546	hs5	140743898	140892546
hs5	140782520	140892546	hs5	140855580	140892542
hs6	150070579	150132556	hs6	71377479	71571718
hs4	140374386	140397763	hs4	141178440	141306880
hs2	229715242	230136001	hs2	172640880	172864766
hs2	229715242	230136001	hs2	188328957	188430487
hs19	57321445	57352096	hs19	57285920	57352097
hs20	43803517	43805185	hs20	43880880	43883205
hs13	73356197	73590591	hs13	20397622	20437776
hs2	46808076	46844258	hs2	46768945	46810260
hs1	201252580	201302121	hs1	153579362	153585621
hs14	68000018	68056329	hs14	67913801	68000456
hs19	2230002	2237703	hs19	34919257	34960853
hs22	20103461	20114878	hs22	41697526	41756151
hs11	62529016	62534182	hs11	66824289	66839484
hs7	102277496	102312088	hs7	102220093	102257204
hs7	102277496	102312088	hs7	102178365	102213103
hs7	102277496	102312088	hs7	102277472	102283238
hs7	102220093	102257204	hs7	102277472	102283238
hs7	102178365	102213103	hs7	102220093	102257204
hs7	102178365	102213103	hs7	102277472	102283238
hs7	72349936	72421979	hs7	75046066	75115548
hs7	76239303	76256578	hs7	76026835	76071388
hs8	23127633	23153792	hs8	439803	495781
hs9	127908852	127952218	hs9	139702374	139735639
hs22	50781733	50883514	hs22	50883429	50913454
hs18	77662420	77711664	hs18	29598335	29653176
hs11	57154267	57158130	hs11	57174427	57195053
hs11	60658202	60674060	hs11	60681346	60690915
hs16	31094746	31100949	hs16	31102163	31107301
hs6	32811913	32827362	hs6	32812986	32821755
hs11	236546	252983	hs11	215458	236931
hs5	132157833	132166590	hs5	132149033	132152488
hs19	38865176	38874464	hs19	39369197	39390502
hs12	108079509	108106944	hs12	72056789	72074419
hs9	139098179	139137687	hs9	19049372	19051019
hs7	102993177	103086624	hs7	98444111	98468394
hs11	65421067	65430565	hs11	64532078	64546258
hs2	107021446	107084832	hs2	110550335	110615272
hs2	110550335	110615272	hs2	113127669	113192065
hs2	110550335	110615272	hs2	111271389	111334762
hs2	111271389	111334762	hs2	113127669	113192065
hs12	122215664	122241309	hs12	122150658	122220907
hs22	20456003	20461786	hs22	21899646	21905750
hs11	66097713	66104311	hs11	67806483	67818362
hs6	33176272	33180499	hs6	30152232	30181204
hs3	196195654	196230639	hs3	156391024	156424559
hs16	2303117	2318413	hs16	2821415	2827298
hs7	33134409	33149013	hs7	32956427	32982788
hs9	15422702	15465951	hs9	139776364	139821059
hs19	42363988	42376994	hs19	58897767	58906173
hs17	37004118	37010096	hs17	72199721	72206794
hs19	5674958	5691887	hs19	42363988	42376994
hs1	153362508	153363664	hs1	153330330	153333503
hs11	64808373	64812300	hs11	75273101	75283828
hs17	26691378	26728065	hs17	26721661	26734215
hs19	38042308	38104998	hs19	58038693	58068910
hs19	38042308	38104998	hs19	40575059	40596845
hs5	70196492	70214357	hs5	69345350	69374349
hs19	24216276	24312654	hs19	23487793	23578362
hs1	1656277	1677431	hs1	1592939	1624167
hs5	60453536	60458301	hs5	114949205	114968689
hs5	70220768	70249769	hs5	69345350	69374349
hs6	109761966	109765122	hs6	42712219	42714558
hs7	102191679	102202755	hs7	72333321	72341076
hs7	102191679	102202755	hs7	101986192	101996889
hs7	101986192	101996889	hs7	72333321	72341076
hs2	139259371	139331117	hs2	152973315	153032506
hs19	12540521	12551926	hs19	12500830	12512085
hs20	60718822	60757540	hs20	60528525	60640866
hs2	48756522	48826025	hs2	48757064	49003654
hs17	34580902	34757050	hs17	34581086	34808061
hsX	102883632	102885881	hsX	102831159	102842657
hs17	73975301	73996667	hs17	73975312	74002080
hs4	38792298	38858438	hs4	38825336	38858438
hs3	52255096	52273183	hs3	52262626	52273276
hs3	149036285	149052201	hs3	172223298	172241297
hs7	150497491	150502208	hs7	150488373	150498448
hs20	48697661	48770174	hs20	48697661	48732496
hs19	52534632	52598991	hs19	44416781	44439430
hs19	52534632	52598991	hs19	52800430	52829175
hs6	33218049	33239824	hs6	43479565	43484728
hs11	5640994	5665628	hs11	5617955	5665628
hsX	73012040	73049066	hsX	73040486	73072588
hs7	66460160	66704501	hs7	72023729	72298777
hs2	234668894	234681945	hs2	234545100	234681951
hs6	150285143	150294846	hs6	150384286	150390231
hs15	32698798	32727193	hs15	30395923	30423960
hs19	58038693	58068910	hs19	37407231	37489602
hs19	44732882	44809199	hs19	52494585	52511483
hs19	44732882	44809199	hs19	52839498	52871031
hs19	36874022	36909558	hs19	58038693	58068910
hs19	36874022	36909558	hs19	44507100	44518078
hs19	44830708	44871377	hs19	44555520	44572144
hs19	44830708	44871377	hs19	44711700	44741421
hs19	44830708	44871377	hs19	58038693	58068910
hs19	44830708	44871377	hs19	44616334	44637027
hs19	44555520	44572144	hs19	44576297	44593766
hs19	44555520	44572144	hs19	44616334	44637027
hs19	36705504	36729676	hs19	52772824	52795977
hs19	58208735	58220579	hs19	58231119	58238992
hs19	57922531	57933307	hs19	44616334	44637027
hs19	44576297	44593766	hs19	52616344	52643175
hs19	22115760	22193751	hs19	22361893	22379753
hs19	58141761	58154147	hs19	58739960	58788815
hs19	37407231	37489602	hs19	38187264	38210691
hs19	37407231	37489602	hs19	52839498	52871031
hs19	44921685	44952766	hs19	44886459	44905774
hs19	57862675	57871266	hs19	58038693	58068910
hs19	44754318	44779470	hs19	44732882	44809199
hs19	37001597	37019562	hs19	38187264	38210691
hs19	57702868	57724724	hs19	57751973	57766503
hs19	35168544	35177302	hs19	40575059	40596845
hs19	52467596	52490109	hs19	52616344	52643175
hs19	58082934	58090295	hs19	58193337	58228669
hs19	58433252	58446761	hs19	58231119	58238992
hs19	57999079	58006048	hs19	58111253	58124090
hs19	37128094	37157755	hs19	36936021	36980804
hs19	57874845	57890933	hs19	38187264	38210691
hs19	58315209	58326281	hs19	58361225	58376480
hs14	24422795	24438488	hs14	24439148	24475617
hs10	88853918	88951225	hs10	46897592	46939143
hs15	20767700	20781019	hs15	28764757	28778160
hs15	20767700	20781019	hs15	23435096	23448420
